time_s,rx_m,ry_m,rz_m,rtheta_x_rad,rtheta_y_rad,rtheta_z_rad,nis
5.069925784999999685e+00,6.049348139160661691e-04,1.225217719183210180e-03,-1.006651716710493805e-03,-5.074554448531472110e-05,7.234151139486984163e-05,-1.859565206519242769e-04,7.531767068669749550e-03
5.169904947000000028e+00,3.787194485029687224e-04,-4.523475358838985327e-04,5.712965970235371616e-04,-3.949783729498204253e-04,1.595228582009382875e-04,-6.281581857994308796e-05,8.451967212420958830e-01
5.269892214999999602e+00,4.470472566227906216e-04,1.693916004197684039e-03,-1.279619430898109797e-03,8.356567449395456470e-04,-8.319263672365844343e-05,2.395077709318872532e-04,4.542886267587193494e+00
5.369897604000000157e+00,-1.223347087731585514e-03,-3.159471461196966535e-04,3.170867691835600050e-04,-2.750555724455582018e-04,-1.174052617101781378e-04,6.310725926391426129e-04,3.501475821294307789e+00
5.469925879999999907e+00,-6.414537109456566744e-04,-1.306780305117438701e-03,6.234290611352817299e-04,6.385921278382240569e-04,-2.992962128116596811e-04,-6.865487955637858701e-05,3.113654534544168406e+00
5.569894790000000206e+00,-1.048508450836661485e-03,-1.182183352938619147e-04,7.694538542827589200e-04,-4.164402180111394323e-04,-5.507468116642248333e-04,2.287837474685866003e-04,3.573605338618073723e+00
5.669892788000000294e+00,1.941779579172610293e-03,-1.112535724461516384e-03,-2.250702762359394621e-04,4.635837659417361392e-04,4.158588496297642369e-06,-6.558438746365688205e-04,4.979339641943015593e+00
5.769686221999999809e+00,1.684859974069608315e-03,-2.351679803253015066e-04,-6.465315123246545906e-04,-7.358267264857585666e-04,-4.221417142850302482e-05,2.989600334047552233e-04,4.189047296309142965e+00
5.869891166000000382e+00,1.358531160722735096e-03,1.078302504899729397e-03,-2.206922426840597640e-03,4.383586707456234516e-04,5.321523639114806312e-04,-2.308358729691489082e-04,6.000980768434160950e+00
5.969892263000000199e+00,1.653539719531011906e-03,2.741678694364854674e-03,-5.695654042873511680e-05,-6.820177049147522607e-04,-2.878907795652136347e-05,5.321948355382559546e-05,5.271714909441482355e+00
6.069895029000000441e+00,6.292090463922029447e-04,2.294740233074188396e-03,-1.084776047131832261e-04,1.149262162113359888e-04,9.590137521459189945e-04,-1.728609912782479304e-04,9.569793378374011894e+00
6.169889211000000095e+00,6.343891766501935647e-05,1.708766946650629864e-03,4.756727476182926947e-04,5.336035362173975312e-04,-3.899706547317386687e-04,-2.095676934402422608e-04,4.334787290034147311e+00
6.269918440999999731e+00,-1.017713224200770747e-03,-1.458276702756035326e-04,2.315276247280740815e-03,-3.935885469516157260e-04,1.131336020826849263e-04,-4.897616452093445316e-05,3.572467051226081658e+00
6.369890928000000230e+00,-1.695671045959582651e-03,-1.517330688485835077e-03,3.287619103623753546e-03,-4.906064804526190398e-05,7.106228977229339140e-05,-1.949108062865387715e-04,6.610480245915040243e+00
6.469938038999999641e+00,3.462267253673354667e-04,-1.342716312499062092e-03,5.954451303911444983e-04,7.195680640212283883e-04,3.992584771627894153e-04,-2.842997420460921174e-04,5.940472400866036118e+00
6.569902897000000408e+00,-2.539251150497721238e-04,-3.117325119903965880e-05,-3.456138807856126705e-05,-2.883770353669663886e-04,-2.416118094407026173e-04,2.617089507141615663e-04,1.647995220044220943e+00
6.669915913999999724e+00,-1.725876282915560223e-04,-3.485844501214183100e-04,-1.046765970776718842e-03,-3.587165744458864470e-04,-1.159226733246783133e-04,2.879486185868965513e-04,2.155197350249352439e+00
6.769758224000000268e+00,1.077879078785275516e-03,-9.890545211315091012e-04,-2.724300566306768652e-03,-4.735584331982304425e-04,4.599917450675585200e-04,-5.175857132430199689e-04,9.839484564134931333e+00
6.869886874999999726e+00,2.044325221674022502e-04,7.670770698007152444e-04,-2.034583016793270731e-03,4.689996425196911657e-05,9.700473216952739395e-05,3.276856283159166336e-04,3.161575389079089859e+00
6.969923019000000330e+00,2.435141026163652883e-04,1.516377349526892848e-03,-1.027318782893378319e-03,-2.398144892440928343e-04,-1.229668632828345557e-04,6.674026551780056606e-06,1.878244699805790008e+00
7.069905757999999985e+00,-1.515989367706414501e-03,8.774044163207435354e-04,-8.501879699955128093e-04,6.764925913755290591e-04,-3.398867889405154745e-04,-1.034976203146641929e-04,5.773996116581927573e+00
7.169895887000000023e+00,-1.457698423536128371e-03,-9.369050338799457534e-04,-9.477840810233019095e-04,7.477533570914857836e-05,-1.872940002251072180e-04,8.886078415715145684e-05,2.095274856960514853e+00
7.269898175999999879e+00,2.729886182706742909e-04,-1.284127606224573503e-03,6.646783078253426166e-04,4.128922129752085851e-04,1.107472071772814631e-04,-6.720203042802144755e-04,6.110160870672000755e+00
7.369899510999999848e+00,1.023456487506783918e-04,-6.902954459636519158e-04,-6.276110387293809545e-04,1.521053723494420590e-04,8.038759631498353152e-05,-4.527028104894109672e-04,2.283270002570651158e+00
7.469887733000000196e+00,-3.694937216900309046e-04,9.572995134877089474e-04,4.953149978895463393e-04,3.801980562571695443e-04,8.038223527077483052e-05,-4.016429216149659440e-04,2.912085026331570958e+00
7.569930314999999688e+00,1.204197162508259186e-03,-8.605882533643562093e-04,9.936397608459966030e-04,-2.515094425187432950e-04,5.465208020909100668e-04,-2.264855711746225839e-04,5.085765765244001813e+00
7.669903040000000338e+00,9.397817004033852395e-04,8.069382673949465623e-04,9.690499630197607628e-04,-4.803089844394990856e-04,-5.390788328629858442e-04,1.727993041487865160e-04,5.701046055970479642e+00
7.769888639000000374e+00,8.177630431387642590e-04,4.527886885415319251e-04,2.585690192582229107e-03,2.514747707904616339e-04,-5.916982589128376609e-04,-2.113669654893326837e-04,7.811967506612658596e+00
7.869894742999999693e+00,5.290685365688316266e-04,7.960335033802244664e-04,-9.017361262999862986e-05,-6.565562349698148524e-04,-3.458908621148616604e-04,-1.669434081864373863e-04,4.574296018489935278e+00
7.969902991999999742e+00,9.052412471690658019e-04,4.083988063007144842e-04,6.372905424173480084e-05,-3.318886928498554142e-04,2.024306146980297530e-04,-5.016331742900621187e-04,3.613688139204371375e+00
8.069899558999999556e+00,1.351055662321881679e-03,2.353182095491193615e-05,-1.479875128183644542e-03,-1.039522225570754322e-03,-3.367895637560955753e-05,-1.493887471624083866e-04,9.274929222972232878e+00
8.169896601999999675e+00,2.438198766545243007e-04,-9.373793073041702950e-04,-2.195756854259347385e-03,-3.876864660774367226e-08,7.789649672098079500e-04,-3.614799345623580565e-05,8.630800133783148809e+00
8.269915341999999114e+00,3.441010037581928444e-04,-5.052922598327395931e-04,-1.324142695183527438e-03,-7.324548627166861800e-04,7.161828770239167280e-05,1.853954215799079558e-04,4.801881830454152400e+00
8.369891166000000382e+00,2.803946809690240072e-04,8.859986401806609069e-04,-1.788369781021763045e-03,-1.569176440390202367e-04,2.701858474576398052e-04,-1.795385919433756109e-04,2.915559922385293490e+00
8.469900845999999817e+00,-2.974781644222469768e-05,1.085594449990463783e-03,8.715119182015344974e-04,-5.438458480415921852e-04,2.024642436351383682e-04,4.384087548227459685e-04,4.656628436467673993e+00
8.569895505999999941e+00,1.348500355688149813e-04,1.221137082178646444e-03,2.927458132309180075e-04,9.794032721711209283e-04,4.474824189481471388e-04,-2.662619701661841009e-04,9.368579399440712052e+00
8.669899940000000527e+00,-2.557709354148772832e-04,1.787518426247646647e-03,-8.577381604568789369e-04,4.123655505417931841e-04,-3.395080671063465511e-04,7.324696813181579852e-06,3.818148003115354960e+00
8.769894838000000803e+00,-1.610237708221688366e-03,1.267466404125141416e-03,7.335247871396071220e-04,6.116129882273545334e-04,4.321383074929518249e-04,1.735877212084960307e-04,6.653357241369543651e+00
8.869905471999999236e+00,-1.814375636528768078e-03,3.429549153972505371e-04,9.622829416467207353e-04,3.872797586421704362e-04,-1.586466292808932346e-04,6.994514388283725338e-04,7.533230779619054296e+00
8.969954489999999225e+00,-1.491186944083155649e-03,-7.155337384661866057e-04,1.092526691878510994e-03,5.395853544655401226e-04,-6.949985704562364501e-04,3.491676521565814092e-05,8.364834943110290411e+00
9.069901465999999246e+00,-4.632784623984625288e-04,-1.298977728496374107e-03,8.301761513723887598e-04,5.264578490416242564e-04,2.972954366076827932e-05,1.853308830492402188e-04,3.243166100590476830e+00
9.169966935999999791e+00,3.463272276501838665e-04,-3.029407083380696031e-03,8.767448222955520100e-04,-8.895121017398460034e-04,-5.566040302393736940e-05,3.655482148359638964e-04,1.102086299398091640e+01
9.269903660000000656e+00,1.222123171829549160e-03,-1.717715307809595388e-03,-7.750423445200809586e-05,-8.418893973749699410e-05,3.200249507022742538e-04,-5.904932369529692759e-04,5.773847025383267884e+00
9.369896173000000772e+00,1.262967588054806495e-03,-2.654936285657331224e-03,-6.352460104261685100e-05,-9.430293925516324352e-04,-4.019536837847523226e-04,2.749778473131668749e-04,1.101375853794943538e+01
9.469903946000000516e+00,-4.579224792354910645e-05,-1.032810287792722270e-03,5.650349196816761496e-04,-2.804355892020079241e-04,4.108714986061268084e-04,-2.536527024603027524e-04,3.408982483915587558e+00
9.569706916999999535e+00,1.010708542985950392e-03,1.450124143995670106e-03,-9.670863254722609353e-04,-1.983312764969739938e-04,-4.142522290796132878e-04,1.058028227316615131e-04,3.636285357715269839e+00
9.669910669000000070e+00,-2.758575444510094621e-04,2.340400945977889197e-03,-2.763775119662549400e-04,-2.726731525859564802e-04,3.563935169340863986e-04,-3.517417357051770966e-04,4.927795088884096231e+00
9.769913195999999189e+00,2.266002785511062045e-04,1.348442139435530873e-03,-4.467832207307202361e-04,-2.239286661179337354e-04,-2.286240712425370689e-04,1.094785408365059218e-04,1.688557564255179777e+00
9.869914055000000630e+00,-5.972330924144449854e-04,2.113514047279982377e-03,-9.060505731543879240e-04,-5.788688414630433019e-04,6.330884447088154206e-04,3.374560549881617318e-04,9.390833117036498479e+00
9.969930887000000297e+00,1.105128119114479057e-05,1.861685108480448658e-03,-1.790189363673326019e-03,5.631317505665236730e-04,1.544524350764557292e-04,-4.055775295370833006e-04,7.048582949399102127e+00
1.006999230399999945e+01,-3.587169049723334252e-04,8.010887138682407094e-04,-1.349915236483018206e-03,9.571505910244715670e-06,7.321889521476938499e-04,4.985627011717909049e-04,8.523570519193473416e+00
1.016991472199999968e+01,8.278115466490466867e-05,-1.883899920895300631e-03,2.505967488806498319e-04,5.978449474073807817e-04,-3.106125654364060170e-04,-2.208481719505354587e-04,5.199539539518363895e+00
1.026990842800000081e+01,-3.806195559642854692e-04,-3.034884616263333612e-03,1.945065145772017015e-03,2.620178590310889605e-04,-2.904241118511864173e-04,-5.331529267382825298e-04,9.367679770709953502e+00
1.036976981099999939e+01,1.521568088532076687e-03,-1.452686413486749956e-03,2.803322657533224935e-03,-1.907740122571543843e-04,9.651697433907081912e-05,-5.483110067931742070e-04,9.006614468637096138e+00
1.046973395300000043e+01,1.212396455926930891e-03,-1.482506421920295331e-03,1.660870011042018483e-03,-3.430282929811379901e-04,-9.480426512354096346e-04,2.532030364220417824e-04,1.225587453955656336e+01
1.056997132300000075e+01,-7.168028747117655836e-04,-1.025341492793336445e-03,1.325488470056246197e-03,2.207399374245841807e-04,5.615189686866309086e-04,-5.533845552534521301e-04,7.714323743790264309e+00
1.066989850999999945e+01,-4.081137112347133639e-04,-1.786385359846438814e-04,6.152010501888132907e-04,-4.528280966896245231e-04,-6.472804447738806722e-04,5.576296072177702300e-04,8.343733263044292414e+00
1.076967859199999999e+01,-2.772798801288847703e-04,1.857114716737946758e-03,-1.302655992160872342e-03,2.357389072293741296e-04,4.614247646473756828e-04,-1.936352933359727793e-04,4.988311672715082246e+00
1.086990261000000046e+01,2.058985215480889364e-04,1.379217061488479529e-03,-2.479894455128905766e-03,1.495149212360165672e-04,2.255784835222228446e-04,-2.556480967721954300e-04,4.948785133907070310e+00
1.096989846199999974e+01,8.165534829621470814e-05,9.464368531125304240e-04,-3.454280878422949508e-03,3.819035381346005259e-04,1.069837263188952480e-04,-3.473124895569490271e-04,8.307341137429617106e+00
1.106990814199999917e+01,-1.309041521365733943e-03,1.406747784166779980e-03,-1.694975733011633637e-03,7.363939076892964553e-04,3.604853691437898242e-04,-3.156258507060143007e-04,9.166374959046624582e+00
1.116991615300000085e+01,-3.098706029283013197e-04,-1.602186540819602878e-03,9.304018900957878452e-05,-6.015543307452674308e-05,-2.019243709086845711e-04,-2.736360246343687709e-04,2.301007522398279104e+00
1.126990532800000011e+01,-4.623214499846796388e-04,2.898342129746891982e-05,6.935904381685301101e-04,8.269347572310416857e-05,3.966659568125898631e-04,-2.569771645360114732e-04,2.668168180635512865e+00
1.137003421800000069e+01,-4.770490293522222647e-04,-2.177416430873234388e-04,1.517642650876789567e-03,5.963279341605409663e-05,-6.829775019541440249e-05,1.297375536583709348e-04,1.452488965474150628e+00
1.146990871400000067e+01,-1.703982723329588653e-03,-5.878773462364150770e-04,1.942779669313357722e-03,-7.059345327178484248e-04,-9.341802594043661283e-05,5.086009371008312890e-04,9.282031898976349282e+00
1.156993460600000034e+01,4.946096582123665764e-04,8.966622696405870951e-04,3.403141443715228340e-03,-4.489212997030558503e-04,-5.431995246243964031e-04,9.151138542182458936e-04,1.862762438923621744e+01
1.167001557300000059e+01,2.368143895526059195e-03,2.628278093812809468e-04,2.260016952996163862e-03,1.394982364929393522e-04,-6.616551528766690402e-04,4.625212941449123377e-04,1.188477708514831122e+01
1.176970052699999947e+01,1.958986967902703533e-03,2.059750052590438030e-03,-8.371146062907861528e-04,3.806925052290285015e-04,5.353995581938650328e-04,-6.208719576730945791e-05,8.000195831583097217e+00
1.186990594799999954e+01,1.733434110338853348e-03,-7.590684335564978902e-05,-8.378508911006856547e-04,2.855492492238451099e-06,-1.813367061207936384e-05,-5.560364073450482363e-05,1.805340254640429132e+00
1.196990036899999943e+01,-4.969482079546175962e-04,7.340466499334424855e-05,-6.979804930771211884e-04,4.944692468679789520e-04,-9.111350761935100618e-05,6.371951622537711119e-06,2.195279316102555889e+00
1.206992363900000065e+01,-2.181504183651877468e-03,-1.171102218432151093e-03,-1.392918256778474719e-03,6.964967887833962458e-04,2.125233456968686171e-04,-3.711884936688837101e-04,8.923945056969193601e+00
1.216989684099999991e+01,-1.940714058690083677e-03,-4.367561124262453465e-04,-1.592342820064933991e-03,6.079900392560111866e-04,1.484062984954400235e-04,3.350022290875169978e-05,5.913591033746332215e+00
1.226990580500000050e+01,-5.487422853646482107e-04,-1.709739301323211225e-03,-1.228018969941535067e-03,9.390367977056082466e-04,2.945094296344472496e-04,9.340785560306046943e-05,9.204132227762805485e+00
1.236989378900000069e+01,-2.306061361745243010e-04,-5.580430653811113695e-04,-1.364514198231150076e-03,4.508738090799688930e-04,-5.814463795233104187e-05,1.744578599661442077e-04,2.785073469397858048e+00
1.246992516499999937e+01,4.227296451949288936e-04,-8.646275660636297544e-04,1.807528854854828504e-04,6.512569845470887536e-06,4.494628332039827243e-04,-6.084276452869959639e-04,6.297935106137389383e+00
1.257003974899999932e+01,1.883088035948518243e-03,-1.885593906126092206e-03,2.499841890723983329e-04,-5.736625401007836066e-04,1.126412527890565410e-04,-8.269258084646726511e-04,1.246939982649052681e+01
1.266991090700000022e+01,1.620790243970498742e-03,-9.424847917983251999e-04,1.368040110603443993e-04,2.142695508804320415e-04,1.778809434509280292e-04,-3.353200736447967036e-04,3.402083106483711816e+00
1.276991844099999973e+01,5.848878807581357753e-04,-4.995658118112124291e-04,5.204983489647523748e-04,-4.902788901259291527e-04,-1.129852651673656346e-04,2.538718277313615568e-04,2.799100862902919928e+00
1.286990022600000039e+01,-8.668225637967676839e-04,1.763116151228764222e-03,-3.156899167320028829e-04,4.111064266147560175e-05,-2.629480585241867350e-04,5.655155240580080441e-05,2.461622127319067488e+00
1.296990299199999974e+01,-9.781519706387031138e-04,1.462481124387730869e-03,4.387546559891375431e-04,9.795104735174247760e-07,5.125749802078752646e-05,-1.087009940263240207e-05,1.407836867410687809e+00
1.306991195700000041e+01,-1.915214871237328961e-03,2.041066735351138722e-03,2.841586277474373017e-03,-6.537749766390810006e-04,-4.673649716278931800e-05,1.587778514581756955e-04,1.038780278820158109e+01
1.317002034200000082e+01,-3.763462011448538702e-04,2.558000937232053629e-03,7.949949375788607255e-04,7.020599822476974528e-04,9.106409985750739568e-06,-5.401532187341290389e-04,9.127252240610921774e+00
1.326989913000000065e+01,1.751564078334292771e-03,8.481805426649446922e-04,1.092117846303163053e-03,-1.225997362277927213e-03,-3.941574996630465753e-04,2.357838883542468693e-04,1.421938757704355183e+01
1.336989784200000031e+01,1.030869186071609739e-03,-4.688023189586970618e-04,-1.418632033866287345e-03,1.538332732699176019e-04,3.179155055823911055e-04,-1.036228163632394106e-04,3.045645589791329488e+00
1.346992111199999975e+01,-7.827922213019498920e-05,-4.080852954246073916e-04,-1.175051782250829523e-03,-1.847573561419997275e-04,-6.203305626810490985e-04,6.696007594809393060e-04,9.880636429777659657e+00
1.356998705800000060e+01,-1.131630207139555297e-03,-1.332693727289415569e-03,-3.864467885206870380e-04,-1.247077910996101878e-04,1.929618881702549780e-05,1.020746710039291091e-04,1.607896844124144797e+00
1.366991877499999930e+01,-1.877019714722953300e-03,-1.364535805078156971e-03,-2.776967094551456919e-04,-5.210509697813714251e-04,-1.311474038755692422e-04,-3.377836223452055091e-05,4.422974871067312463e+00
1.376991271900000058e+01,-1.987162451900002444e-03,-4.235090118459572395e-07,3.249844810784565351e-04,-4.065201571616364380e-05,2.304013680628183743e-04,-1.820001202272773853e-04,2.897071787241551455e+00
1.386990690200000031e+01,5.932205042527820965e-04,2.425880322565372033e-03,-9.813085355039430184e-04,6.062950477044525520e-04,-4.847918459481506144e-05,3.340180833314172868e-04,6.572860557323810582e+00
1.396990728299999951e+01,1.142007944047576662e-03,6.568476634740035014e-04,-1.179210810542678529e-03,3.201251913006130886e-04,-1.772215023470911466e-04,-1.405374023636483266e-04,2.824110607117310767e+00
1.406990480400000010e+01,9.839841336909613267e-04,3.942650545189253786e-04,-1.058853344289806091e-03,5.095708743464602390e-04,4.088768365262161557e-04,2.721713500096067267e-04,5.591808332443696017e+00
1.416992092099999923e+01,7.061530622618928527e-04,-2.299958165865496201e-03,7.687299224480304005e-04,-8.387868439647617937e-04,1.813759856306723249e-04,3.770261948703931831e-04,9.463977598888803300e+00
1.426991414999999996e+01,2.358484500697031680e-03,-1.343139044201174109e-03,7.143639269163492081e-04,-8.398976412419803712e-05,-2.116604877319821240e-04,-1.921813847486312924e-04,4.586075996073409655e+00
1.436990809399999947e+01,2.347003346975205795e-04,-3.063491537621899907e-03,1.903593767886644760e-03,-4.570626756120769671e-04,2.727122166578993989e-04,-4.806161583986550399e-04,1.042354455042149297e+01
1.446991944300000021e+01,-5.889444061284027088e-04,-7.233352793559084948e-04,5.814435352967882963e-04,-4.807355557082550174e-05,-3.895764865004312880e-05,3.545942095005472951e-04,1.804754343434111341e+00
1.456969761799999930e+01,-9.164701088457266609e-04,1.765824653449762222e-03,-1.017789573925619549e-03,1.190165566880402157e-04,2.159312862843227893e-04,1.414050065151224451e-04,2.994646062245310159e+00
1.466990041699999914e+01,-8.159146015530166496e-04,2.691459663790748275e-03,-1.904471902577205278e-03,4.584045656097382828e-04,-1.361874070564648890e-05,2.869061899603406098e-04,7.150428765165000478e+00
1.476992750099999974e+01,-1.746029063103267040e-03,2.229754991019742422e-03,-1.059849747776088306e-03,-5.652586139560850965e-04,-7.573603279764888217e-05,7.883291512882492560e-05,6.016783036559878894e+00
1.486990261000000046e+01,2.923449531417182667e-04,1.695462146120582658e-03,-5.978121691969711868e-04,-3.288441377052770022e-05,7.375247649434562962e-05,7.050355200720003998e-05,1.389231528005640870e+00
1.496999669000000033e+01,1.056702050151280339e-03,1.067298169403384928e-03,1.650064090924193219e-03,-5.065342350815951397e-04,-5.917515543256868672e-04,1.395885047847180186e-04,7.878310719299874698e+00
1.506993865899999996e+01,-1.036855437690218859e-03,2.693179804499831742e-04,5.583819357744546075e-04,1.610915372473599417e-04,2.688098500402529751e-06,-3.455288587276434667e-04,2.033442156116957555e+00
1.516975831999999969e+01,-1.300066637369649142e-04,-1.380257160850176246e-04,1.326935906471928342e-03,-5.721382320129493560e-04,1.251101246385132417e-04,-5.606137245932136441e-05,3.050918271968027451e+00
1.526990532800000011e+01,-8.391671454532553809e-04,-9.889702891610376023e-04,1.936316224588725213e-03,-1.885095551700980245e-04,-7.930308445722243464e-05,-9.391519051267177448e-06,2.814955965053003606e+00
1.536990642499999993e+01,2.097088626671298611e-04,-7.786043758778796176e-04,1.655571827886953215e-03,-2.018302587053398761e-04,-5.629628015632499871e-04,3.431621310187195199e-04,6.779543331281628227e+00
1.546997976299999955e+01,1.381495005561013401e-03,-9.415815755481997396e-04,-4.918877321620830113e-04,-2.359560893553189632e-04,6.556027512819040132e-04,-3.601378540136787425e-04,7.714322705123547230e+00
1.556978082600000057e+01,1.859342820896229403e-04,-1.970835698191127083e-04,-2.572106338986955478e-03,4.900601344825385565e-04,4.871066987267267138e-04,-7.747878946185662462e-05,7.769802772047311734e+00
1.566991972900000007e+01,-3.635229103236235770e-04,-1.549398310679850344e-03,-1.677011337428438009e-03,-4.281720604865522830e-04,-7.648133824828928350e-05,-1.986673084435212401e-04,4.088494785067527282e+00
1.576971125600000079e+01,-8.857968229623522372e-05,9.671865242770506799e-04,-2.086785438325411413e-03,4.990460027323482617e-04,1.469112783927239974e-04,1.408401245355338899e-04,4.647903874213676900e+00
1.586991405500000063e+01,-3.006054659424033798e-04,1.575377718076656497e-03,-1.421681646122480332e-03,4.846138531868834508e-04,3.533190703310224150e-04,-3.363831607687540440e-04,5.949230407888283167e+00
1.596990561500000005e+01,-4.435616859803041129e-04,9.601838399241509336e-04,-2.064774114936230795e-04,3.429678743119935294e-04,2.508607241593295003e-04,-1.157339409214636494e-05,2.000385076665762263e+00
1.606992530799999841e+01,-5.599438364632790960e-04,1.244301821045797063e-04,1.392867619050414986e-03,3.294768422286269973e-04,-6.200113307444633252e-06,3.191795789577924619e-04,2.691153252527151984e+00
1.616994524000000055e+01,-1.573776227373769807e-03,-5.973230306409900436e-04,1.869803181449481051e-03,-4.710471116470567711e-04,6.318159463005188284e-04,-2.560425127993208550e-04,9.641890312732975588e+00
1.626991557999999927e+01,4.132027329942517674e-04,-7.475338192573927065e-04,2.140727782689580937e-03,-8.874547356744173039e-04,-4.280316962381966483e-04,4.159736998856148867e-04,1.097252842190937372e+01
1.636990618700000155e+01,6.086120014228563191e-04,-1.415307637726077872e-03,1.348409353361792150e-03,-4.741286105301911660e-04,-3.869546062062425884e-05,-2.258486941595200159e-05,3.320412203579629296e+00
1.646991109800000075e+01,2.094962699280170787e-03,2.309086956907950572e-04,-6.720821943492182038e-04,7.286550566008182796e-05,2.301543109054646414e-04,1.681117386055954171e-04,3.138706525134133507e+00
1.656997084600000036e+01,1.467386428396298681e-03,5.239204155404568464e-04,-7.398362399665125988e-04,-4.000583108721390770e-04,-1.480613374850196166e-04,5.575527569341750655e-04,5.678232737888489368e+00
1.666994333199999900e+01,1.762582415972104369e-03,-4.905277554417518393e-04,-5.489147989088350929e-04,-2.774782211987622711e-04,3.458032796095214046e-04,2.392385190642141524e-04,3.995217228159938294e+00
1.676991081199999911e+01,7.990773268746909769e-04,1.563447778146237477e-03,-4.859161185270105543e-04,1.767824485944597583e-04,-1.285144891000666368e-04,1.602687541925440333e-04,1.962416629548673352e+00
1.686991858500000063e+01,-1.991521049625310374e-04,2.423558067127636051e-03,-7.417028884155411200e-04,-1.700852849452583308e-06,-1.454272802496187880e-04,-6.570737696449034345e-05,2.713465443260268284e+00
1.696991228999999990e+01,-8.745703304523701899e-04,9.607410037472570441e-04,7.271386969580637474e-04,-4.600585567099087076e-06,5.020273672692066340e-04,-6.516203103384924245e-04,8.292634277600145154e+00
1.706994485799999950e+01,-1.558381422542793465e-03,-8.171790745965454295e-04,-2.019987106699119156e-04,-3.608743011143966152e-04,2.460169136997969724e-04,-3.828232958211099621e-05,3.111804209799954535e+00
1.716992258999999876e+01,-1.732947403426093186e-03,-1.390925489562617329e-03,-8.809868245662575564e-04,-5.127280501808539529e-05,4.708442207753731285e-04,-6.216641272480553709e-04,9.434205788935507542e+00
1.726992034899999950e+01,-1.283001573428347100e-03,-2.536602225383287335e-03,1.910298459942196686e-05,-1.047936260052578393e-03,-7.187942038862847030e-05,-6.460271172122656129e-06,1.065042701434641792e+01
1.736991143199999854e+01,8.299877191443490176e-04,-1.304906807987855216e-03,1.584223762953078374e-03,-4.371437498572856113e-04,-2.481388320150411343e-05,5.193407554669678171e-05,3.573179069952667319e+00
1.746992278100000107e+01,2.277904455111338239e-03,-6.334751173777616873e-04,-1.225526246983717552e-05,-1.102076916196208537e-03,-4.582669667891404634e-05,9.546029007523460896e-05,1.062173907577253296e+01
1.756993794399999942e+01,1.705436490281897824e-03,3.364500946059743869e-04,4.497149216917146336e-04,1.365666037881137381e-04,-1.643038122456017534e-04,-2.284681634161637477e-04,2.516210503546124411e+00
1.766991877499999930e+01,3.257375974856126233e-04,1.219223783543461198e-03,-9.835880037469706995e-04,-4.477053695175358295e-04,-2.186870412839348908e-04,-4.113890812018002898e-04,4.616461504580859021e+00
1.776991438800000012e+01,-1.555390500448030483e-04,3.026653449284912034e-03,-2.153669487224845087e-03,5.143393510919037556e-04,-1.268384139966449568e-04,-4.184369427432726649e-04,9.519989868887609674e+00
1.786992239900000001e+01,-2.142396300261672701e-03,3.085905728263671488e-03,-1.252831088913708250e-03,2.279411079158046342e-04,-2.889390371755435201e-05,-8.100176096099207369e-05,6.989607585069486539e+00
1.796991014500000006e+01,-3.192019920931416996e-03,9.839679144149574702e-04,1.184369143838019407e-03,-1.223599686663005446e-04,5.507064566187649165e-04,7.251435496977586719e-05,9.806205456499922590e+00
1.806991744000000111e+01,-3.867753035200968692e-03,-1.351235210626086994e-03,-2.043831735066151470e-04,7.426291093541664227e-04,6.222251417919484216e-04,-3.774324441690627232e-04,1.737150391858769538e+01
1.816994547799999893e+01,-2.285631265892923772e-03,-2.678689120047657302e-03,-7.565155982485393879e-04,-6.179794950478123680e-04,1.640814388855909862e-04,-3.554133760776600690e-04,9.804626042881910308e+00
1.826991820299999958e+01,9.836000420041131342e-04,-1.604872111685497899e-03,-7.500342891023255298e-04,-9.949812149091302391e-04,4.882560908488214760e-04,1.391430300759700543e-04,1.105383079595763718e+01
1.837000226900000044e+01,3.294843978115224656e-03,-1.057615261794309786e-03,1.775226836463934983e-03,-9.905797560991387064e-04,-2.126251616156139899e-04,-1.661294151687906168e-04,1.446044986114527475e+01
1.846993112499999867e+01,3.715819966003196251e-03,-5.346932997347848826e-04,8.478374429617954386e-04,-4.451922457327281814e-04,-1.562458716257400553e-05,1.045648848440171866e-04,8.596996412369962925e+00
1.856992292400000011e+01,3.604163162221842368e-03,-1.158560861320746815e-04,6.852772714980156707e-04,-6.242000672984543462e-04,-4.312105381987675753e-04,2.726416801634225532e-04,1.196002055970732592e+01
1.866991782199999861e+01,2.199555016580336669e-03,5.110756433204834137e-04,-9.703946292877792951e-04,2.960510655459854435e-04,3.622883857510848273e-04,-6.072370134704536482e-04,8.475418605394285265e+00
1.876991820299999958e+01,3.224989652272809704e-04,1.714256260571575541e-03,-8.169784750283581171e-04,-3.035098771364380102e-04,8.844837217333052900e-05,-1.126263404647170630e-04,2.146525163466534103e+00
1.886992764400000056e+01,-1.261287571320646866e-03,2.895312101728695492e-03,-4.161715787439901337e-04,2.249040831434075778e-04,5.733773460895816038e-04,-3.770012858139977583e-04,9.504431945871491649e+00
1.896995425200000085e+01,-1.643359097335227170e-03,3.230559377904503732e-03,6.671169918080668143e-05,1.059576374940881328e-04,2.934568167864669026e-04,-2.342167129229379781e-05,6.102033902189454295e+00
1.906992769200000026e+01,-4.018083284970917074e-03,9.381694049285047715e-04,7.614244538535121926e-04,2.464583953771988262e-04,-4.471254668290409583e-04,-4.147127955998528947e-04,1.255426837963534403e+01
1.916991758300000015e+01,-2.146293499614121414e-03,2.255971816317503889e-03,1.607796472388716563e-03,-2.325684034923872884e-04,9.731859269175158330e-04,1.464816143623449183e-05,1.568337072196492166e+01
1.926992297099999973e+01,8.068275154371994107e-04,-2.565783242288975641e-04,1.389181923251051748e-03,-4.105904186934764390e-04,-2.930194230366543664e-04,-4.376007380641270248e-04,5.175951408349333427e+00
1.936991524700000156e+01,1.360626994020718364e-03,-2.586733479939418850e-03,5.179264139619707552e-04,7.689747149880236075e-04,-1.723658415415691642e-05,-3.225360628150381135e-04,8.087826632276746253e+00
1.946992492600000091e+01,6.762770637884930186e-04,-3.072139684988203084e-03,8.675624435202011417e-04,-1.168664603402983426e-03,-4.521252823468523857e-04,1.490757317386579256e-04,1.523672801778803887e+01
1.956968116699999882e+01,1.517170863080475121e-03,-3.495811807978945612e-03,4.340118650491830987e-04,-4.187158187429724046e-04,1.058192441890915794e-04,-2.912060717438530628e-04,7.877919079139806158e+00
1.966992664300000015e+01,6.604928782032726264e-04,-1.546369406291471515e-03,-2.366584286540739188e-03,-8.558198004304951728e-04,1.011565133926856891e-05,-1.921274166204284489e-04,8.501264232873637638e+00
1.976992392500000051e+01,-2.037301222221487781e-03,-1.446869427387819512e-03,-1.802935926027900929e-03,-6.543363914346441833e-04,-3.386177326069333705e-05,-1.819721440241404314e-04,7.398401158419494195e+00
1.986992478299999831e+01,-1.883654437890952896e-03,-3.717032572362992393e-04,-2.231202065421730371e-03,-8.054439302323737485e-04,2.152569291782274838e-04,5.345360244073958563e-05,8.745164807774926885e+00
1.996992993299999952e+01,-1.260503068184584338e-03,4.489317899623521124e-04,-8.607117727130898094e-04,-2.790921026078255332e-05,3.068006727755380556e-04,-3.268614015434933478e-04,3.478091845908656055e+00
2.007000827799999954e+01,-3.707414213368134814e-04,6.685963179532475320e-04,7.554332205901180194e-04,-7.556896790333802322e-04,-1.796643443274207220e-04,2.099401082273084213e-04,4.855643729895678717e+00
2.016993117299999838e+01,-3.031913163118599153e-05,2.387593730735146358e-04,1.222029409138610488e-03,-2.517341926872119291e-04,7.816165259496758662e-06,-6.914077841760816025e-04,6.106023910829131651e+00
2.026992177900000058e+01,5.825054214560684840e-04,1.495016600581090122e-03,1.076988289877414684e-03,4.949432101883819660e-04,1.263661212053181779e-04,-1.559393257827856080e-04,3.787813753183880916e+00
2.036990928599999862e+01,-2.547514341688997264e-05,1.173124322241574785e-03,1.154517649398409049e-03,-6.197548757678003227e-04,-7.984445242047120690e-05,1.375910453362081808e-04,4.047237848701564999e+00
2.046994113899999945e+01,-1.457565319112515134e-04,2.679021426597857913e-03,-1.171739936094012835e-04,4.786776697214256671e-04,-4.656403762463445393e-04,4.020054840798354995e-04,8.565575575762416349e+00
2.056975650800000111e+01,2.018669414566715004e-04,3.149632045215584181e-03,-6.578431427330631853e-06,-7.797290547982411416e-05,-7.399315805458803446e-05,4.316991556896199026e-04,5.940956531373888794e+00
2.066992020600000046e+01,1.184879189981622241e-03,2.285819870166471562e-03,-1.096255603190668393e-03,6.500352993193667973e-04,8.421654907142704584e-05,3.729480485297800830e-04,7.583245773617083074e+00
2.076975917800000104e+01,1.212524703805029427e-03,2.036861955267010513e-03,-2.133846658350959692e-03,3.375280403878259212e-04,-6.519854097558471721e-05,5.010033900891965953e-04,7.788436223784683143e+00
2.086992549900000071e+01,3.232677815746230754e-04,1.633506803018595910e-04,-7.707206935262077285e-04,6.695822034734909322e-04,-3.592972931858847080e-04,-3.740565048406959379e-04,6.283900164450733072e+00
2.096990942900000121e+01,-4.654620846310103532e-04,-2.694726300512047257e-03,-2.961217275847692273e-04,5.526257208123871566e-04,-6.583230465349732409e-05,-1.708988588549810060e-04,5.408693650377923490e+00
2.106992459299999965e+01,-4.090105098245259280e-04,-1.963558578179305444e-03,1.017775649744312449e-03,-5.639109371750047417e-04,1.461719566157711420e-04,5.645550589927798499e-04,7.543276180565702482e+00
2.116992688199999861e+01,-4.030457551851447662e-05,-2.318521708559640251e-03,9.270420834889634559e-04,4.426620486553801514e-04,5.382014421915198160e-04,4.192639828651456763e-04,9.020112655956017633e+00
2.126992964700000144e+01,7.611074524725720131e-04,-4.009384690812274957e-03,1.452042294837682657e-04,-8.465111158631657550e-05,-1.650831557099755986e-04,-2.613095006732021040e-04,7.795012727378870743e+00
2.136995077099999918e+01,-7.663552837389366740e-04,-3.993625953033187737e-03,5.836081659093073429e-04,5.314477753492261166e-04,6.993236842127446612e-05,-4.114379858027511277e-04,1.029481689816032919e+01
2.146992683399999891e+01,1.686383963537016299e-03,-1.317682364345394708e-03,1.028701765194194387e-03,-2.381694068440463159e-04,-2.798650815394030690e-04,3.932579797463097901e-04,5.294288046952052795e+00
2.156991958600000103e+01,-1.041916707550442217e-03,-1.865539410138700172e-04,5.813823609412240370e-04,6.282010366997245292e-05,4.374255680200611835e-04,-2.192783841184911076e-04,3.351431249382378574e+00
2.166991734500000177e+01,-1.194033951944940136e-04,1.205232450385358006e-03,8.974712835627769378e-04,-1.633594361564237954e-04,-4.317561640972508068e-04,4.413771200982075961e-05,3.242927444934280423e+00
2.176993369999999928e+01,-7.232652672064295712e-04,1.959314694212541813e-03,1.286559774997359309e-03,-7.372005453880804303e-04,1.653652559892853518e-05,4.392000917307810619e-04,7.932813547513815955e+00
2.186992955199999855e+01,-5.806621607406994151e-04,2.055272137479673827e-03,5.602000918294774631e-05,4.301405620879473384e-04,1.746123332391639527e-04,-5.443688201135857251e-06,3.471212825147014680e+00
2.196993136400000068e+01,-4.517448259620127776e-04,8.379598658241199649e-04,-2.051962287526300568e-04,1.234885187860868916e-04,-1.764158209848193230e-04,-1.833061468332812343e-04,1.216175482921575846e+00
2.206995034199999850e+01,3.917460407181164866e-04,1.084299112015602029e-03,-1.172114706596289000e-03,-1.040556335536577164e-04,2.575601111840091029e-05,-4.057764842754435302e-05,1.297925372725260873e+00
2.216992759700000093e+01,-4.845534981562562432e-04,5.943011704472554724e-04,-1.071185224819674268e-03,7.901887634059553576e-04,7.303558267723906988e-04,2.974915510905767725e-06,1.132844549824259772e+01
2.226991510399999896e+01,8.425893548095683694e-04,5.361245011824763984e-04,-1.539524130890591348e-03,1.937788365518665703e-04,-3.026624194165912301e-04,9.657286355594389877e-05,3.011849564146990677e+00
2.236994266499999995e+01,1.751482521258111713e-03,3.968417004096211342e-04,-7.338077715244068107e-04,8.814706607421973674e-04,-5.025250213632658424e-04,1.034617435599938815e-04,1.025510816491342680e+01
2.246992182700000029e+01,-2.055933271451065858e-04,1.266442382575488218e-03,-9.002356971834863872e-04,-1.255454686894357235e-04,2.736773934248548168e-04,1.279554150948226270e-04,2.231240037076071658e+00
2.256991457899999887e+01,-8.802609467639388452e-04,1.037261135047089222e-03,1.670367076222796596e-03,5.447539912371254008e-04,-5.395850219434612403e-04,2.780420962046280232e-04,8.506740584887166889e+00
2.266992020600000046e+01,-1.463148193306668468e-03,-1.066575448074709442e-03,1.962452572961081738e-03,-8.314637297701479076e-04,-1.279498924053179142e-04,2.891979050584207213e-04,9.204993497648597867e+00
2.276992034899999950e+01,-2.585736778751181533e-03,-2.077869358174777581e-03,1.940201286529455449e-04,-5.779946973870813201e-04,2.108364606717870384e-04,2.852870150098712836e-04,8.619676973425779209e+00
2.286991572399999839e+01,-1.143505152419007492e-03,-2.196635592503735912e-04,-2.227995098385187125e-03,1.286600055063162194e-04,5.274561657985745626e-04,1.266598272900098751e-04,6.697134146184063219e+00
2.296991872799999967e+01,1.852876413675104417e-04,-8.893860857892531280e-04,-3.206080528902267943e-03,1.928448050592597202e-04,2.736359446940047637e-04,-2.350546721566817163e-05,6.496658103021700548e+00
2.306992745399999833e+01,2.263464593168500183e-03,-1.130235353602002113e-03,-1.213456601792747488e-03,9.750292424452229470e-04,3.429270531797022105e-04,-4.378569777408880667e-04,1.323700017930391049e+01
2.316993999500000001e+01,1.645771760473754147e-03,-5.695993195853343849e-04,-1.898977275354334429e-04,4.558721616015693541e-05,-2.827687906744673872e-04,1.116738464129866145e-04,2.423206289538044622e+00
2.326992821700000036e+01,6.997888154138404149e-04,-8.799366496661173431e-04,1.359063173810313996e-03,-2.348615323301774427e-04,-2.937854023301962380e-05,-4.319135414954866571e-04,3.886925924895630047e+00
2.336992144599999932e+01,-2.645760728184360505e-04,-1.316438799844894814e-03,3.701693846937640503e-03,-8.679116040327492388e-04,-4.063900396767931183e-04,7.627995738326239818e-04,2.052421750213176210e+01
2.346992588000000168e+01,-1.082782323646747438e-03,-1.172496258021665100e-03,2.979721166169821238e-03,2.378476343279950392e-04,5.163842160570315809e-04,-2.557080752696001759e-04,9.212536690237694614e+00
2.356991863200000026e+01,-1.973117274012593791e-03,-3.607591717358117622e-04,2.312908197527491563e-03,6.308293257116445729e-04,-2.502129738276721838e-05,-3.005944055209530758e-05,6.956446446227599445e+00
2.367000484400000104e+01,9.514942668074535120e-04,3.212948208992229965e-03,-1.867627963727107191e-03,-3.562174993556241603e-04,-2.402569627499940371e-04,3.734392034145881116e-04,9.009320208182327150e+00
2.376964616700000121e+01,9.017676535753253036e-04,2.352463642926043083e-03,-1.660363548512472191e-03,3.249362886328469057e-04,-3.734444720242043481e-04,2.180222585027232764e-04,6.784728040593700271e+00
2.386993861199999856e+01,3.940391414962995942e-04,-5.103965327338498559e-04,-3.390392955798278516e-03,-4.578825258645877736e-04,1.790448279935058463e-04,3.529283489782764451e-05,7.580296392468747868e+00
2.396978568999999837e+01,-3.781669293452666336e-04,1.000376831427202129e-04,-2.512553295777048088e-03,3.143596415736664976e-05,4.052307400836894358e-05,1.751262954953007511e-05,3.172357180886857364e+00
2.406992816900000065e+01,5.006804020088635732e-05,-1.289053981134446331e-03,-2.186465955118608619e-03,9.888919464808307378e-05,-3.414709157440444184e-04,-5.383860915222182623e-04,7.430108917474661290e+00
2.416977667800000162e+01,-4.990162362878691749e-04,-8.354780106693479591e-04,3.063184059073119705e-04,5.667229188260264122e-04,5.145464083844508794e-04,-2.970223165458331415e-04,6.477218481401415318e+00
2.426979589400000137e+01,-1.558869058109330769e-03,-1.344440729093447640e-03,2.108651215544114256e-03,-3.521049503725939378e-04,-6.335245617995187992e-04,1.506729789060126971e-04,9.494354866423259764e+00
2.436992239900000001e+01,-2.043989006656561983e-03,-1.262127469230534677e-03,2.811386950793886251e-03,-3.711947348081134283e-04,1.940037582087832124e-04,-7.074953028031747207e-04,1.256403748162870926e+01
2.446992921800000076e+01,-5.470382159369711200e-04,2.836019797174821333e-04,1.408536232805471244e-03,-2.399025598265948117e-04,-1.761681214572864598e-04,1.446303865677939454e-04,1.993356521115113855e+00
2.456994533499999989e+01,3.392254176330638388e-04,1.211993511492131387e-03,7.382711945949915755e-04,-4.773084159959643108e-04,7.625566901441663790e-04,-2.339320872978613861e-04,9.717295577244961180e+00
2.466993403400000062e+01,1.844314139092141994e-03,2.005227509737240316e-03,1.532202076674734140e-04,-1.238236084112670152e-04,3.467080220905380998e-04,-9.722278173532780915e-05,4.601800035388733612e+00
2.476992988599999990e+01,2.136440953911656129e-03,7.439748467618634287e-04,-3.026163735545912489e-04,-5.769470302567303527e-04,-3.219274485997385832e-04,-3.508747899011536975e-04,7.247029579489904449e+00
2.486993241300000079e+01,1.481927193610146215e-03,-5.315742298045815495e-04,1.504724506009491071e-03,-3.897505884326198642e-04,7.222499521526821141e-04,1.237305308492471110e-04,9.224483192883496940e+00
2.496992754900000122e+01,-2.070803002884938349e-04,-1.431189598818737030e-03,-3.880035311214858132e-04,-4.654378843562749198e-04,1.612716862565131992e-04,-7.926251951699625020e-05,2.909177681775447333e+00
2.506993102999999934e+01,7.985580097312101888e-04,-1.480231997542769129e-03,-2.772708028417857073e-06,-9.602889581153440399e-05,2.046269045916369910e-04,-5.165135400049562439e-04,4.377025836223872091e+00
2.516978835999999831e+01,1.126824835429043881e-03,-4.849085529094188107e-04,-6.318188444779911442e-04,-8.800300755132719208e-04,-3.397476088181394013e-04,-5.367710036909214844e-05,7.315039086074576424e+00
2.526993060099999866e+01,-4.784689148036227330e-04,-2.011808273639364986e-05,1.294703368708421346e-03,-7.843752503223018653e-04,-5.363197311049297967e-04,1.588175793692365404e-04,9.333401485013212096e+00
2.536999607099999920e+01,5.457400939158814357e-05,2.094270850798357619e-03,6.187059002936683844e-05,-4.172515674441278663e-04,-2.690970669931586762e-04,4.503554660652385878e-04,5.630524578614584108e+00
2.546993446300000130e+01,1.176722537725514994e-03,2.305933549136180566e-03,-1.558129962956456439e-03,5.979179681364092582e-04,1.276586932760000875e-04,5.980071896878238748e-05,6.518818419628122918e+00
2.556998872699999836e+01,7.320072220075649061e-05,1.142289048026254306e-03,-1.337772093202139675e-03,6.261385032145089767e-05,-1.675669333644234167e-04,5.692823660428991727e-04,4.617203410419868703e+00
2.566993212699999916e+01,-1.087950584912709268e-03,5.628670128439428044e-04,-1.444090483710424450e-03,3.896369056610843974e-05,4.066459013625744979e-04,1.174640284981964908e-04,3.697155712159177821e+00
2.576999926499999916e+01,-1.183650025827749294e-03,5.316802962976284463e-04,8.465268280508958694e-04,6.475140372121331088e-05,-9.503803136526257000e-04,3.300899204640556062e-04,1.208712326371097490e+01
2.586993360499999994e+01,-1.248585683998900894e-03,-5.432105128338367284e-04,8.960227607514594482e-04,2.912397957744912187e-04,-2.381617328657118545e-04,-8.045845202643881638e-05,2.357484433152076786e+00
2.597006821600000137e+01,-2.064443002832091340e-03,2.866094008870286036e-04,-9.639739880588629392e-04,4.736846274131991806e-04,-3.061403182631856012e-04,3.884243263431492744e-05,4.953231070578609341e+00
2.606997537599999859e+01,3.165313388833919384e-04,-3.214426658755750732e-04,-9.750891822733909892e-04,1.731558785774894654e-04,-4.363825142924605848e-04,2.449687407198562501e-04,3.521436277439172535e+00
2.616992664300000015e+01,1.329433844195412884e-03,-1.532352294542163942e-03,-1.406913781259224935e-03,1.314566890272385194e-03,8.444452526810967323e-04,-4.080591965872496299e-04,2.435784297818265998e+01
2.626996278700000076e+01,7.590032067030481888e-04,-2.126840784642539811e-03,-5.640535004913559483e-04,3.384389233413099196e-04,1.288345547930236758e-04,4.670621156078698702e-04,5.451904364723253238e+00
2.636973047200000053e+01,1.340570911356501679e-03,-3.025560063728217203e-03,-2.988206036329526388e-05,8.053062844190128546e-04,-3.425086336218693088e-05,-1.237754213061941009e-04,8.907984088392064237e+00
2.646993327099999860e+01,7.255169277782941295e-04,-1.898860207099256625e-03,2.058865120721532598e-03,-2.379404925794965215e-04,-7.980185028844484138e-05,5.250782239071682001e-04,6.856513661376824942e+00
2.656976532899999910e+01,8.371736077289401723e-04,-1.484363170774476853e-03,2.274890517056346421e-03,7.188984639059537319e-04,2.159757412033815808e-04,-8.323928095221939569e-05,7.568267912977768574e+00
2.666979241299999970e+01,8.413458607633480385e-04,-1.057268552757929803e-03,2.933657688783641772e-03,-9.738255519178235040e-04,-4.382223095765582291e-04,5.872357569669950242e-04,1.590173350121876794e+01
2.676994275999999928e+01,3.125635475051315865e-05,-1.055793536111383768e-04,1.536609445233673259e-03,-6.585383666608769695e-04,1.257631486738778508e-04,-3.030070460512966678e-04,5.147426732967387508e+00
2.686993646599999863e+01,-1.329366215160093095e-03,1.212837085963688888e-03,1.055972409942399545e-03,-2.663085094909395487e-04,-3.415856638281841435e-04,3.240063277619383052e-04,4.601403950361270034e+00
2.697002005499999910e+01,-1.162590503935112193e-03,2.203295993902804756e-03,-1.665325390028146117e-03,-2.932944203832012729e-04,6.300419831995274569e-04,4.905460004610827531e-05,9.020449332059422787e+00
2.706993603700000151e+01,-9.355786736748228014e-04,1.890625325755131148e-03,-2.341856874217026693e-03,2.042176614107992918e-05,2.220504638528795311e-05,-7.584254270525479639e-05,4.561540010728013073e+00
2.716993021900000116e+01,-2.923938784927110346e-04,1.987377629504454013e-03,-1.568156016479267407e-03,-4.150876479052984956e-04,4.059250139579228850e-04,4.696569687781144693e-05,5.663530957256250886e+00
2.726993322299999889e+01,-4.527440654959573318e-05,9.574780799892178285e-04,-8.639997551127247960e-04,-1.457008223826783042e-04,7.869198648420687198e-05,-3.153693624220610804e-04,2.004586594662517207e+00
2.736995363200000142e+01,-3.655275250713223983e-04,-4.131988851307569210e-04,1.284595560319436169e-04,-6.447058816884895533e-04,4.952828988654750996e-04,-2.140015984920722394e-04,6.002043743794796882e+00
2.746993017200000153e+01,-8.302944110007148826e-06,7.367170362525543581e-04,8.527236048473411587e-04,-1.527795991746176587e-04,5.089316241002972765e-04,8.155624782638466123e-05,3.695280020718721303e+00
2.756992530799999841e+01,-7.518828327809576328e-04,1.101544906154904024e-04,-6.021504887247204965e-04,4.424993317957759734e-04,6.426699670888124695e-04,-1.526699261435673525e-04,6.824491574264484939e+00
2.766993427199999900e+01,-7.716344698419138476e-04,-5.848473824602018478e-04,-1.304180281198898637e-03,1.383015052858299577e-04,4.736058358318982986e-05,-4.465284420688263333e-04,3.295921454990747179e+00
2.776992750100000151e+01,-6.668040193460750970e-04,-2.226434406981312591e-03,1.524284731986968316e-04,1.876039193322671592e-04,-1.059500896716175167e-04,4.845156012668497774e-05,2.511771664214059729e+00
2.786993718100000095e+01,8.238709858561302224e-04,-3.132483875828227793e-03,2.833065568510579821e-04,-9.714789614560581177e-04,6.528707861268190252e-05,-1.758627907263833146e-04,1.110575961150012425e+01
2.796992921800000076e+01,1.109893887110238384e-03,-2.072936838533295800e-03,1.238986029718598322e-03,-1.836576195037142986e-04,4.820374621086910951e-04,-2.169564568634507989e-04,6.424790342998900172e+00
2.806994795800000020e+01,1.573396845121647486e-03,-1.724368805149568973e-03,1.163145755456266098e-03,-5.600454785005682789e-04,-2.930140550385754465e-04,1.596170393447572428e-04,6.464948549007877965e+00
2.816993069600000155e+01,2.356310074112858560e-03,5.307434453651858897e-04,7.788441618890307172e-04,-5.463682033887267428e-04,4.661468739300589679e-05,-7.268774362976097620e-05,5.296144826024320906e+00
2.826993942200000021e+01,1.624628994929593062e-03,1.289748035625065681e-03,2.150420209086900680e-04,-1.258840625447005821e-04,-4.215499884795478332e-05,-2.008023795297887877e-04,2.488197150722317286e+00
2.836993503500000102e+01,-9.396756353517200788e-05,2.381674703858173425e-03,1.389604917260422144e-03,-7.306056594564156923e-05,-2.393335944938661567e-04,-1.170697858547696318e-04,4.058914654793948529e+00
2.846993589399999891e+01,-4.971164799812254759e-04,6.100113772886869845e-04,6.887736371270032285e-05,2.481337464920951256e-04,5.123427333330563297e-04,-2.607783351018649605e-04,4.570553686458358023e+00
2.856992840699999903e+01,-6.519994798721276061e-04,7.265032102774758582e-04,-7.833666499255423875e-04,1.495316573566555206e-04,-8.183568319099294628e-05,1.722674008051259956e-04,1.238193306006437844e+00
2.866995119999999986e+01,-9.085705727956156635e-04,1.236846780116599570e-03,-1.851962770223388073e-03,3.017641552221880688e-04,3.104812315339409838e-04,3.710357821995882775e-04,5.840182377314859785e+00
2.876993513100000044e+01,-1.702164671666735185e-03,1.282553482793557381e-03,-2.348369590053010249e-03,1.040828625383404286e-03,-3.137805549643627075e-04,-1.037151864491114996e-04,1.301253163480070363e+01
2.886994075699999840e+01,-1.702120868109103374e-03,-9.510429329896881445e-04,-8.538730021137013598e-04,2.090263541580566825e-04,8.904409731371168337e-04,-1.004417074863516308e-04,1.158399090287282895e+01
2.896992874100000037e+01,-8.302314708757523032e-04,-3.018871629246799859e-03,1.038047902289222779e-03,-3.390629053771916212e-04,-2.423656000822786011e-04,-3.165824810632605012e-04,6.835418427318638912e+00
2.906994032800000127e+01,-1.115460625148907009e-03,-1.969361818146643517e-03,6.846915082990186197e-04,2.137914689335479576e-04,-1.633983215411270403e-04,8.901125134824202983e-05,3.003596212865500714e+00
2.916992974300000085e+01,1.192936112652531744e-05,-1.521115490968890510e-03,5.071733086542129509e-04,-8.119736968457155844e-04,-2.589904194819323837e-04,8.026288617297722833e-05,6.372654350104927978e+00
2.926995611199999914e+01,1.706374255522882452e-03,1.594565126902272589e-03,1.496498027151452279e-03,-3.049682000903846209e-05,8.552867200787396063e-05,4.301690111873988746e-04,5.591596961304583502e+00
2.936993289000000118e+01,1.184161202597185103e-03,2.351608921649275818e-03,1.287710158770564474e-03,-2.820557788639356563e-05,2.032750218926596087e-04,5.811850414216678667e-04,7.367805913536286333e+00
2.946993803899999875e+01,-1.295696078170670285e-04,2.052711978881200522e-03,-1.153490558312686952e-04,-4.653888238538105948e-04,1.189877803227340182e-04,3.421149146083151608e-04,4.315449198961474053e+00
2.956993579799999949e+01,-1.898883098265455316e-04,5.352989051936422882e-04,-8.960263476038197138e-04,-1.806435081869938407e-04,4.952229599885151910e-05,6.445431356686312486e-05,7.867984639010453529e-01
2.966993331899999831e+01,3.109743766263450143e-04,-4.978824057237200840e-04,2.041738050643682363e-04,-4.677870801320739352e-04,-1.283892172602303888e-04,1.873169717858683150e-05,1.822376596474577726e+00
2.976992845499999873e+01,3.932661287735905037e-04,-3.944772348829506114e-05,-8.153585664991049725e-04,1.769655956914882263e-04,-7.153064193370587277e-05,-4.491420122206276575e-05,6.620150791037666682e-01
2.986993813500000172e+01,4.804909452132098691e-04,1.210610583864020484e-04,1.111923880375018884e-03,-4.036616461854015297e-05,-2.291421769169791906e-04,1.549594380307216441e-04,1.531505386208792840e+00
2.996993351000000061e+01,1.907671837273399590e-03,-8.980954604673775654e-04,-3.306560963736273132e-04,2.188342194387324021e-04,1.211980350982087639e-04,-1.866288907996785579e-05,2.497526041559602117e+00
3.006993126800000127e+01,1.476314050889282643e-03,-6.406097660916626468e-04,-1.118772427706882146e-03,1.691792532973903511e-06,-5.868803971395762350e-04,2.554843157821661448e-04,6.105207931166114044e+00
3.016993307999999985e+01,-4.627362024356793807e-04,-1.354903249837925705e-03,-3.144883474307169288e-04,1.012230811242741037e-04,-9.287431512685491409e-05,-1.011345553202246030e-04,1.077690304140877409e+00
3.026994085300000137e+01,-3.119156973745759037e-05,-3.333164642981140124e-04,-4.079540970309478154e-04,-3.815151446229940501e-04,-1.572409350519936300e-04,3.231478726404159022e-04,2.193005126272972838e+00
3.037002301200000076e+01,-8.322245779117673839e-04,9.362973951145166229e-04,7.868860376506695703e-05,-4.901160509271131884e-04,1.165149094203900575e-04,3.226338656531508990e-04,3.400911436296672363e+00
3.046993398600000091e+01,-1.531785370075444165e-03,1.355606218736739310e-03,-1.093722725623198777e-05,6.497440289112609230e-04,4.688836228326323280e-05,8.117716040232225835e-04,1.097707071756613217e+01
3.056979537000000136e+01,-1.266104076584768576e-03,3.588378530149892442e-04,-2.147775883988541426e-04,8.898862205158697761e-04,-1.732492572080383906e-04,-6.824996038826413062e-05,6.925127223239329055e+00
3.066993832600000047e+01,-6.276792375588154116e-04,-5.386615868193528334e-05,-4.761708584456519552e-04,2.453811440759459716e-04,5.035870279636221964e-04,7.464771306155882800e-04,9.502374584075392150e+00
3.076995062800000014e+01,-4.133154293643644117e-04,-1.840540593576106554e-03,2.232070074715862898e-04,2.656305461670299402e-04,-2.036041174090249639e-04,-2.518340966974881665e-04,3.028602319584953406e+00
3.086993241300000079e+01,1.265283419281913735e-05,-1.018248307021484000e-03,1.138837459377530122e-03,5.975306471724720590e-04,-5.739347534157079791e-04,-2.587010862828735482e-04,7.858486684091840146e+00
3.096997952399999932e+01,-7.102602408514766680e-04,-8.964350654123223738e-04,1.307340331855820319e-03,-2.979994270878414016e-04,1.472981086370283806e-04,-9.502848087645235841e-05,2.356787350834170347e+00
3.107007813399999918e+01,2.807553793949604803e-04,-8.672762444184890784e-04,6.731091594925527055e-04,1.744023896410367900e-04,-2.240224076866746661e-04,2.800679283212810663e-04,2.131891430596245307e+00
3.116992878900000008e+01,-2.736784541928233977e-04,-3.399208290136637722e-04,-7.825600729483256184e-04,-3.054406043127671209e-04,2.385360761254237216e-04,-6.322181601689397809e-04,5.985742264018170111e+00
3.126981258400000030e+01,-7.690945127537644754e-04,1.179876267732374306e-04,-9.961260149416190784e-04,3.568308362531085598e-05,1.758920799532554717e-04,-4.269152317515377071e-04,3.085800193126864155e+00
3.136976289700000109e+01,5.238183083719535199e-04,5.017473335776033438e-04,-1.251389110692622056e-03,-1.186307000098917210e-04,-5.982015729846822984e-04,-1.036789782554769422e-04,5.187160289737993146e+00
3.146994495399999892e+01,9.519823655743057250e-04,-9.665484967686863160e-05,1.858516960946835286e-04,6.754538906763861189e-05,7.191396483800017482e-04,-3.283581779724853845e-04,6.939723496368070954e+00
3.156993508300000073e+01,1.802113927694281789e-03,1.625688323488055920e-03,2.543989154271666595e-04,-1.077797637427943078e-04,-6.048916787849234033e-05,2.156427423119621086e-04,3.094941910203204305e+00
3.166976070400000154e+01,1.318894771694474957e-03,-9.433914855828048895e-04,1.139214852754929543e-03,-2.335924362618476064e-04,2.564756107728352890e-04,-2.816120063505638330e-04,3.657632360571540175e+00
3.176994562100000152e+01,6.333129581243546191e-04,1.068262661326147001e-03,1.572616196825742108e-03,2.995390047841521661e-04,-3.903293518629587146e-04,7.244435806218045039e-05,4.058248741966164808e+00
3.186994767199999856e+01,4.427061809434210127e-04,-5.996642022793735594e-05,1.283907740735167145e-03,-4.757574100961903425e-04,1.400116885104782025e-04,-2.250860379559220081e-04,3.175664979957303569e+00
3.196997451800000078e+01,2.390343459877704996e-04,1.737322210573800929e-04,4.707779312915216785e-04,1.220948354644741871e-04,1.612403129193106901e-05,-7.832600817646874063e-06,2.419018343030710227e-01
3.206994628900000066e+01,-4.631504875656812514e-05,-8.768937936093346153e-04,-1.483634460070765940e-03,-3.516493575585110591e-04,2.265630697720003982e-04,1.976579730285077646e-04,3.071801129250244955e+00
3.216996407500000288e+01,-3.389566796844871444e-04,-4.039289209932100944e-04,-2.195885957332077178e-03,-1.571305901636367184e-04,2.276467268765524059e-04,5.061432748991928415e-04,5.418968160059238315e+00
3.226995825699999898e+01,-7.067238348256628389e-04,-5.172208687972308649e-04,-2.053358290594704469e-04,-2.857243766251554916e-04,-6.942303782882858947e-04,4.182403690409526299e-05,5.685919393279441181e+00
3.237005400599999660e+01,-5.893765144434157804e-04,-1.723229754600985597e-03,3.961579124703183338e-04,-2.746525152161815794e-04,-1.466526139158429848e-04,-2.685389989261305842e-04,2.681350567374257921e+00
3.246994256899999698e+01,-5.001358021324408404e-04,-1.390623623924315544e-03,1.921317359979243973e-03,-8.158416661628540298e-04,-1.264735190191168491e-04,2.347709098472007311e-04,7.313592765328944978e+00
3.256996250099999912e+01,8.176079839427845969e-04,4.478672007171280445e-04,1.117468031712065199e-03,-4.651341541280383713e-04,2.431531682074843667e-04,-1.772887042135775889e-04,3.039945836918823474e+00
3.266994643200000326e+01,-5.660286266848026798e-04,1.019570150141559800e-03,2.289400857628514675e-03,-1.559778732654857898e-04,1.299059728169916323e-04,-1.764958402433777882e-04,3.499416150834214534e+00
3.276994776699999790e+01,4.484470885585331579e-04,-7.538346399319009739e-04,2.146015645809750544e-03,-9.446506099202219703e-04,1.686548526677300846e-04,-1.698123048823608192e-04,7.910633599119679005e+00
3.286994910199999964e+01,9.166516217710661552e-04,9.111265099259954758e-04,-4.983604277986183537e-05,8.535274723857237472e-05,1.609885505736369043e-04,7.184845685556625662e-05,1.020553358624092244e+00
3.297004127499999981e+01,4.876545143792359455e-04,1.518525079518481813e-04,-1.067399541294552058e-03,1.792837756305320826e-05,-5.007359921834575543e-04,1.899232610232172457e-04,3.698847835370554726e+00
3.306995940200000206e+01,-6.238701673828093291e-04,-8.380375258037996156e-04,-1.810599625051247498e-03,-1.197346486920834231e-04,-9.271395793030061199e-05,5.772049732750941158e-05,2.047621365047418429e+00
3.316993331900000186e+01,-1.151976370946836484e-03,-5.988734662396993924e-04,-2.120977631065320244e-03,9.719318276411785616e-04,2.701126707790643786e-05,-2.708831858754018503e-04,9.116662084758551998e+00
3.326994943599999743e+01,-1.976222030477309613e-03,-4.022174234067713017e-04,-2.148755188216605085e-03,4.384375668168409850e-04,1.816049063218896128e-04,-2.149186565769151016e-04,5.721796584689577081e+00
3.336993455900000072e+01,-3.525501125136980968e-04,2.676611839662404457e-04,-7.450394049349153176e-04,8.796718675508139037e-04,-2.053110548790022485e-05,-4.563540420145584736e-06,4.975609662798201605e+00
3.346994996000000100e+01,8.209386544643058892e-04,2.821316046885988943e-03,1.399714256845991343e-04,-5.296341597521437693e-04,-1.893873477858647582e-04,3.189277659366584897e-04,5.611584125072416995e+00
3.356994318899999996e+01,8.334714623006445056e-04,2.251054126047015436e-03,-3.094534618284204563e-05,7.020294946403494692e-04,2.999997957131517938e-04,1.627232718564754622e-04,5.931344276322857212e+00
3.366994786200000078e+01,1.351951040609209245e-03,1.107521197470691041e-03,-9.785559377080170138e-04,3.581615046621877598e-04,1.164356342884692743e-04,4.445529394099354833e-05,2.474021532050415306e+00
3.376996278699999721e+01,5.284843203222696489e-04,1.530507882312844709e-03,-2.022786051728616558e-05,2.851532803719538560e-04,5.126689313491145615e-04,4.542068492953893000e-05,3.935253066563462632e+00
3.386994409500000103e+01,-2.523024119825342804e-05,3.867533292234142522e-04,-1.738074019953583099e-03,9.686795681899429444e-05,3.635459751975368215e-04,2.486267398916182977e-04,3.104259329189366756e+00
3.396994018499999868e+01,-2.263612714324897759e-03,-1.157179020589890403e-03,-1.031724783179266587e-03,1.232391835582112832e-03,7.544781764377900192e-05,4.331164742946401209e-04,1.305182648295013514e+01
3.406997323000000222e+01,-1.389944409598780836e-03,-2.372331700397960208e-03,7.261592560850460565e-04,9.027504785334936077e-05,-3.981433207796833060e-04,4.235994988964530473e-04,5.712088323483782482e+00
3.416994857800000318e+01,-4.884438604583242471e-04,-1.497755958130557452e-03,2.256041405118737464e-03,7.003631478097946395e-04,1.999846414171162537e-04,-4.048576535112162689e-05,6.292424198134432878e+00
3.426995134300000245e+01,-1.701191634116382134e-04,-3.200429395041863231e-03,2.270924405061239444e-03,5.028470930418450129e-05,2.815043487978409454e-04,3.929055689864363425e-04,7.369529478154226432e+00
3.436993956500000280e+01,1.835815673335849940e-05,-2.745104811442680356e-03,2.251684487640060600e-03,6.008934866806586858e-04,-3.722943350883174555e-04,-2.582795374523261180e-04,8.206313565743037941e+00
3.446978616700000231e+01,1.480947204590046112e-03,-2.124301628785995807e-03,1.526982878198580341e-03,1.601211980367957233e-04,-3.692502746815611372e-04,-3.625630465925529407e-04,5.531914224126265545e+00
3.456993985100000089e+01,1.483980346202886866e-03,-6.533599703582183144e-04,-3.225418414387528493e-04,7.570944701239488972e-05,4.779469470143773253e-04,-4.677942552010352180e-04,4.870936605961203369e+00
3.466995978300000303e+01,-5.347938900513889149e-04,1.805000974202251168e-03,-1.102684819556694687e-03,7.353373254484850798e-04,3.091854378485582068e-04,-2.919472168894902834e-04,5.929859731452200577e+00
3.476993727699999681e+01,-8.310134861526582983e-04,2.306504737219203238e-03,-1.125699989601661871e-03,2.309871018473504481e-04,2.703755199249629993e-04,1.206717080385367200e-04,3.348357890822539762e+00
3.486996603000000050e+01,-7.980762779928839146e-04,2.814359198713069221e-03,-5.756261585939921946e-04,2.230916396736509039e-04,5.530152820184878982e-04,-1.108037637606312396e-04,5.767573871410066388e+00
3.496994256899999698e+01,-6.868826400070904975e-04,1.279958295767985935e-03,5.334376121809434115e-04,-7.048840088256234145e-04,-3.377694172474955312e-04,-6.914215830128673460e-05,4.659529237406601965e+00
3.506995224900000352e+01,-2.096602511595994228e-03,6.261483526698273516e-04,1.177791220989429961e-03,-1.128542525069676063e-04,9.044852526254063907e-04,-6.925918929458677433e-04,1.439601683063039061e+01
3.516998195600000088e+01,-4.471783955147350109e-04,-2.111613808209247822e-05,1.171613909809190827e-03,-2.482098425516480740e-04,-3.794962044831363696e-04,3.802554129179467669e-04,3.332654246216072202e+00
3.526996827100000331e+01,3.651376069529182339e-04,-2.784207091806675458e-03,1.278745552185511260e-03,-8.226087613958048663e-04,-2.210224832310881727e-04,-1.230509563974417750e-04,8.085839685977278535e+00
3.536996269200000143e+01,2.430320903432285282e-03,-3.704091342453740346e-03,-1.526040481822498775e-03,-1.971872721499272492e-04,-6.047001777325684705e-05,-4.409699556243757866e-04,9.617192827860204574e+00
3.547002244000000104e+01,2.434429477255401972e-03,-2.060421080271081229e-03,-8.768596216475691568e-04,-1.435397279358959779e-04,8.572064949179667489e-04,-1.967403913414731060e-04,1.118374028804646692e+01
3.556997847499999921e+01,2.317770567743342169e-03,-1.886920995816242230e-03,8.164663491184919950e-04,-9.749258401054100099e-04,-7.806287324650300428e-04,4.198266422561091238e-04,1.629743744338551181e+01
3.566995024700000272e+01,1.529919090332719847e-03,5.210303630049165080e-04,-3.262488222587405992e-04,5.916299880586367360e-05,1.053531323219266286e-04,-6.311152962215435281e-06,1.155635584098352986e+00
3.576994371400000006e+01,-5.880533763610515385e-04,1.568631684155063349e-03,-1.538198880795953703e-03,-2.196340472159862120e-04,-3.925857534405679476e-04,8.934877705337147607e-05,3.621304051390426437e+00
3.586996412199999895e+01,-5.634113097140389104e-04,2.094538272957181119e-03,-4.930884694100004864e-04,2.451072078883398397e-04,-2.247698403217619247e-04,-3.753259306171709731e-04,3.672076159388308447e+00
3.596995973599999985e+01,-9.491755849790669414e-04,2.848463575691937560e-03,9.117864741060750788e-04,-7.643911915788182462e-04,1.350911730646749478e-04,-4.277810183931656960e-04,8.631337250738448930e+00
3.606997633000000292e+01,-2.082098979431686037e-03,3.753001801075531163e-03,1.427029238553492729e-03,-4.974723220774558479e-04,-4.793811967648395258e-04,1.948387690189025607e-04,1.110644566584651294e+01
3.616996955799999824e+01,-2.164056519617728325e-03,3.109148076888990780e-03,4.810158519602436740e-04,-1.513320367419476536e-04,-1.887670100585433711e-05,2.609705342026422624e-04,5.792552778245731560e+00
3.626994728999999751e+01,-2.075019990616582682e-03,2.288488348823648766e-03,-3.666854040291003813e-06,-2.652445050549163833e-04,1.592148166923171781e-04,-3.546655485854127666e-04,5.433207456087684406e+00
3.636975884400000325e+01,-1.734582813748304989e-03,8.391382073287025067e-04,9.797671904786153969e-04,8.145495103559185471e-05,2.081818298947925804e-04,-3.483265780399153431e-04,3.528734289107310573e+00
3.646995448999999923e+01,-6.063509311535209001e-04,-1.202643194367008367e-03,4.611225123195175461e-04,-1.878019178716436267e-04,-5.217862636460365291e-04,-2.287060789421718255e-04,4.163880693362872698e+00
3.656995463300000182e+01,1.615432382557208113e-03,-1.529024319586968356e-03,-1.695097776553159893e-03,5.316553052638061131e-04,3.756753311966855389e-04,-6.475302451713107728e-04,9.838237783530258795e+00
3.666977572399999730e+01,2.297745644534424439e-03,-1.731780529598183488e-03,-1.367851814686170744e-03,-3.138645103928629177e-04,-5.252027540477530610e-04,1.071018836940268253e-04,7.356030917948833903e+00
3.677006530700000297e+01,2.047913494407461316e-03,-5.109200316901485461e-04,-1.674523167774652488e-03,-5.534657835543077553e-04,4.370368265285732527e-04,2.453054177576233317e-04,7.709222348026667504e+00
3.686995315499999748e+01,1.536489281638284132e-03,1.093394595972074779e-04,-1.252135027676750355e-03,5.393049288328466808e-04,-1.232399208633654944e-05,-4.556191620288139120e-04,5.248026459181013514e+00
3.696996831900000302e+01,1.003368355910173870e-03,1.390678230009489980e-03,-3.129043162744555434e-04,-3.752779654949495962e-06,2.596363402225148394e-06,8.640832624739908660e-04,8.560771651950089378e+00
3.706996774600000322e+01,1.072782075017876882e-03,2.983545831825699240e-03,2.916951788318805291e-04,5.720537241799054885e-04,4.460882967968884732e-04,-1.880601026616180154e-04,8.454610747956646577e+00
3.716994523999999700e+01,-1.739828930169988463e-03,1.200457952040233367e-03,3.805302873589070864e-04,-1.756943043991974194e-04,-1.678798672386039921e-04,-1.527180122795243318e-04,2.535545688035048428e+00
3.726999950399999761e+01,-2.421131958586364777e-03,1.075387961059978692e-04,5.622221996825944867e-04,-4.059058158431116253e-04,9.157113744780511497e-04,4.079706763544779162e-04,1.425328466944270467e+01
3.736995816200000320e+01,-2.295854300229997064e-03,-2.885095074160598516e-04,-6.505792975064822112e-04,5.440827502675117319e-04,1.268615537317599115e-04,-2.034851305886926042e-04,4.801067569326659346e+00
3.746996235799999653e+01,-1.076113748865112352e-03,4.393256815233524681e-04,4.932085955500348229e-04,-1.156698916179272046e-03,-1.746576360706441451e-04,1.061624160504163724e-03,1.858041947758973578e+01
3.756998705800000238e+01,-1.619384956047355620e-03,8.989213432158936479e-04,8.677415924217158488e-04,2.210290907889625575e-04,4.014147162253333301e-04,2.161216587746156957e-04,4.297358246529455528e+00
3.766994428600000333e+01,-2.534807401297930682e-03,2.382743530672873367e-05,1.408221142040965226e-03,3.493783712977243522e-04,-4.964016048515488850e-04,-4.721493608368048213e-04,9.112498059869707845e+00
3.776995253500000160e+01,1.892388944958571517e-04,-5.090578057951131857e-04,8.423019390993565989e-04,1.916003258884020882e-04,2.272404465103190882e-04,8.290792995529409730e-05,1.288929639272899941e+00
3.786994409500000103e+01,1.248017350860192165e-03,-4.183493772917483422e-04,1.273738180043591534e-03,-3.241448972386861316e-05,-3.242245783617826380e-04,-5.020440311754652106e-05,2.605302059205221621e+00
3.796998095499999692e+01,2.621223190631544187e-03,1.589376917417346935e-04,-8.458146230448399666e-05,7.844405304407547604e-04,-1.373110436366729837e-04,-6.770834231385343383e-05,6.683056584212426543e+00
3.806994342800000197e+01,9.404783636939601649e-04,-5.458907921319332279e-04,3.680987732981024982e-04,4.323701703499774601e-04,3.128363139643083662e-04,2.886214421471737187e-04,3.586575031057989360e+00
3.816994905399999993e+01,2.599150725104198631e-03,-2.200562852809532718e-03,-1.861214805295155136e-03,1.334985653332373240e-04,-2.934257020006160476e-04,-1.636611116976056772e-04,7.229163395654718549e+00
3.826996588699999791e+01,6.052145457601295492e-04,-4.474090050139727451e-03,-4.191945759064409291e-04,2.598701765820837979e-04,-2.386723973817647226e-04,-1.711375566307682774e-04,8.424361555108170307e+00
3.837005662899999692e+01,-4.456438414277529014e-05,-3.321750312207629591e-03,-3.909583846043503813e-05,-7.369035980909926543e-04,-7.366782293519257669e-05,-1.776908269947614165e-05,7.593270946619566253e+00
3.846996188100000325e+01,-6.889946150994835650e-04,-1.734417331870321405e-03,-9.159366745629584500e-04,-2.702208656521457069e-05,-3.219649890454099933e-05,1.753745167425364881e-04,1.960513045731101078e+00
3.856996631599999859e+01,1.301424254282184528e-04,-4.558689106770666410e-04,-7.817142287829554476e-04,-5.671663015460844592e-04,2.256944237951054991e-05,5.806153851870002768e-06,2.539712617376557624e+00
3.866994428600000333e+01,-1.275634546390872967e-03,4.699888019507325598e-04,9.139732735271091646e-05,4.442512962949163357e-04,4.267713405527850251e-04,-3.181300932409833937e-05,3.864667896214435405e+00
3.876998352999999753e+01,9.256724485034138750e-05,2.030154119689452086e-03,-6.623638361457932430e-04,5.967315010771677983e-04,2.274824718167154595e-04,-2.159910574296007471e-04,5.014639219740184117e+00
3.886994385700000265e+01,2.568389243425388269e-04,3.871609326850950633e-03,-4.593289004093158504e-04,3.345300596938728210e-04,-6.826182019766756891e-04,9.317443647092176894e-05,1.135650764284890712e+01
3.896994781499999760e+01,-1.817531793959943631e-04,3.201549508583059062e-03,-3.262564954598272740e-04,1.119853517285958290e-03,7.078106779048160642e-04,-1.865812387333066775e-04,1.724301835102746239e+01
3.906994676600000105e+01,-3.581777154943576597e-04,2.296988556438509660e-03,9.976625340431272831e-04,2.371983938085735278e-06,-2.198539518753425150e-04,1.119050436437872673e-04,2.901755376914390006e+00
3.916994810100000279e+01,-1.576966832702936944e-03,2.756835062865262490e-03,2.681041899594768796e-05,5.406383560559547359e-05,-8.959720743229172729e-06,2.549838419227651418e-04,4.257106804551885837e+00
3.926995086600000207e+01,-3.562249554228333337e-04,-9.327095716872881026e-04,1.739256707513350646e-03,-4.340891907452531671e-04,-3.827107238987931498e-04,1.832930586188063506e-04,4.890386483925349026e+00
3.936998367300000012e+01,-2.997084947998097243e-04,-1.797571201196985699e-03,1.067973724357185183e-03,-1.676205247127713043e-04,9.121449768011845479e-05,2.538184061262264545e-04,2.662665185652438371e+00
3.946995687500000116e+01,1.775494827653632118e-04,-8.922684884625012303e-04,6.926036578311168049e-04,-1.295892236045181976e-04,-2.438001075840113511e-04,4.348496692521230771e-04,3.149797649145087419e+00
3.957002830500000101e+01,2.832733887884308216e-04,-1.109694751480375802e-03,-7.144312245999243430e-04,4.035746171874882052e-04,-1.640986750477843538e-04,2.367665902510710993e-04,2.739591274845070590e+00
3.966996431300000125e+01,4.841979064775341068e-04,-2.207483841850491763e-03,-9.896713479925116699e-04,-1.990203464411962825e-05,-2.458603099220100737e-04,-8.638397323335086486e-04,9.885383977915967790e+00
3.976982545799999968e+01,-1.869188757422195202e-05,5.329788806976536175e-04,-5.521400095257322088e-04,1.079708550824294783e-03,-8.414731228257677029e-05,1.796782014733804965e-05,8.361564051108848261e+00
3.986996078500000351e+01,6.834869937662364781e-05,8.880332730707395095e-04,1.390555085831459911e-04,2.896567645138073020e-04,8.846624681241908406e-05,-3.371093615424733013e-05,9.034650278960612013e-01
3.997001957900000235e+01,3.005333269594321483e-04,1.123883444951331856e-03,-3.835083759042585277e-04,-5.436135093116843805e-04,1.690804513147804971e-04,5.560644001954109702e-05,2.921569381023406908e+00
4.006994628900000066e+01,-9.737182098732630187e-04,-5.925741806753412333e-04,5.248007074689720400e-04,2.943368356994017923e-04,4.282127636991255037e-04,-2.215586247590980887e-04,3.590816950346052749e+00
4.016994977000000233e+01,4.070209244097233725e-04,-1.530863790485677278e-03,1.015173385498002734e-03,-6.003471912618735164e-04,1.831094362716430908e-04,-3.157078099684382179e-04,5.383910330707141867e+00
4.026994848199999666e+01,-3.346296878497297816e-04,8.953487374878076055e-04,1.150905877365116133e-03,5.862348976569603043e-04,-3.930548210486336440e-04,-1.380596581157646577e-04,5.324015861836108421e+00
4.036995267799999709e+01,-1.406743673655938554e-03,-9.744142572751073039e-04,1.606091256612645225e-03,-1.019148696484579531e-03,-7.631495952359361370e-04,4.078730329361486030e-04,1.747435893976448540e+01
4.046995878199999908e+01,-1.121137463015068475e-03,-4.939150389534179009e-04,5.534350916512977871e-04,-6.570147851038567448e-04,2.523138737460460502e-04,-2.995969857670728511e-04,5.359076007824853605e+00
4.056981277399999897e+01,7.022095120842453131e-04,-1.298717346005628243e-03,-1.125334787777451315e-03,-4.811109289462570278e-04,4.216790801005031609e-04,-8.661702800890733363e-04,1.268059173049364929e+01
4.066995692199999723e+01,5.829318372742257198e-04,4.680704568842293523e-04,-1.596280830331264083e-03,-2.831364916584835868e-04,-4.877454613326149993e-04,-1.013607647552278591e-04,4.956115078935879659e+00
4.076995635000000107e+01,-4.667797078450157400e-05,7.074032189084526745e-04,-1.563077298550312032e-03,-2.354361837024940263e-04,-1.107368140314913619e-04,2.158878672000308657e-06,1.794972937361211107e+00
4.086997723599999688e+01,-1.359440781092799769e-03,6.837499874579877623e-04,-1.072611382643279265e-03,-3.765098893980047033e-04,-1.047618703587763515e-04,-3.568100991541007226e-04,3.830793372493014992e+00
4.096982407499999823e+01,-4.198407143339542846e-04,1.540045122684369910e-03,-4.096835038413073130e-05,2.102562665017693839e-04,5.577008072387746890e-04,3.799992423770876438e-04,6.191924550399822813e+00
4.106995725600000213e+01,4.572244787505626296e-04,1.037626715764593255e-03,-8.054085347567025398e-04,2.339150061850903622e-05,-6.389679652789879765e-04,2.178714565161658139e-04,6.229520194188382654e+00
4.116998076400000173e+01,6.523625377028337280e-04,1.375928703666626923e-03,-2.227453586686005231e-03,5.569674630994320749e-04,9.350158587118374007e-04,7.308908183833605268e-05,1.486078159160851797e+01
4.126996469499999876e+01,1.015449290134988816e-03,7.213332384621122528e-04,-1.028679384901067841e-03,4.726060701198506620e-04,8.006309688669207842e-05,2.082987076135538423e-04,3.284930008870713181e+00
4.136995077099999918e+01,1.757075017502550060e-03,4.748203484032653687e-05,-2.579359564735921040e-05,9.550205199135730237e-04,3.100326984453538148e-04,-1.501290107687433854e-04,9.163870202083177929e+00
4.146996068899999699e+01,2.333124042742875867e-03,-1.152721436019323725e-03,1.174198947588559264e-03,-2.039557805201583200e-04,-5.116597778343083850e-04,3.986459515310644881e-04,8.394335158412008724e+00
4.156995844800000128e+01,8.693208979052603758e-04,-1.542155185276752188e-03,1.851548246943088109e-03,-1.684543319171292086e-04,-9.101025936704843899e-05,5.286278892776370350e-04,5.683593497422172014e+00
4.166982126199999925e+01,-1.277607724348327894e-03,-2.437038328286938310e-03,1.409829460177163332e-03,-3.981827804277998217e-04,5.665214831574190950e-05,6.474732342303579820e-05,4.703543668022742708e+00
4.177003121300000288e+01,-1.205116637057721679e-03,-2.011807215678784733e-03,6.368974647136677047e-04,7.148644860098243500e-04,5.957697744675404536e-04,-4.638436170001826323e-04,1.108632331324265330e+01
4.186996030800000312e+01,-1.211535618163473230e-03,4.722219520591902642e-04,-4.763510794037499260e-04,-4.264222448736285130e-05,-9.083154572688869602e-04,8.806276997564556168e-04,1.559181425142764255e+01
4.197006487800000230e+01,-1.295707030124033585e-03,1.201622674540814978e-03,-9.398350264583901423e-04,3.716201139717524690e-04,2.346280246412484776e-04,-6.872546365214276512e-05,3.019344528743832967e+00
4.206995940200000206e+01,-8.207957506873603953e-04,1.573612633142925515e-03,1.344789710961240281e-04,6.676651599495621249e-05,-8.051616475350700634e-05,-2.269860673930842348e-04,1.703159273836635457e+00
4.216998386400000243e+01,6.489496350790477375e-05,1.937066763278084275e-03,1.162378022282681278e-04,4.831763096257273840e-04,-2.257392897741803198e-04,1.518174883282462752e-04,3.559594881085561990e+00
4.226995992599999852e+01,-3.984730642350130247e-04,5.031682457576278078e-04,5.093549523968463402e-04,6.928848688547358003e-05,-2.202648840122944549e-04,3.446280597168596932e-04,1.716079744690744757e+00
4.236999416300000121e+01,-1.877761501071413888e-03,-3.578908975904737666e-04,1.573612100997615927e-03,-8.222790950570581237e-04,-3.747122115695697246e-04,9.374701508506386969e-06,7.814115500450518503e+00
4.246996259699999854e+01,-1.879792262690348562e-03,1.270707280499987213e-04,9.426826379493177463e-04,-1.151575369845404877e-04,-1.898834166067902283e-04,2.192485469392359181e-05,2.081834852692807658e+00
4.256995057999999688e+01,9.177082570240111675e-04,-1.568891265273982677e-03,2.120315339826811009e-03,-3.608967074266774405e-04,-2.416477689709053695e-04,-6.120004176088028125e-04,7.558720232794087224e+00
4.266996598200000079e+01,3.045374292035517294e-04,-1.646189160343380226e-03,1.087032450506694812e-03,-9.880675906332734345e-04,-4.983152880754939491e-04,3.244288407516018879e-04,1.058903179426107677e+01
4.276995301200000199e+01,8.995333108123906851e-04,-9.705506600922383931e-04,3.099075756649982000e-04,-2.331642467069731885e-04,1.894732683513215040e-04,-1.978155645868957650e-04,1.646255374076142974e+00
4.286996102300000189e+01,2.466627839455651575e-03,-5.055499327321355540e-04,-1.465643211943956289e-03,-4.958473839766295698e-04,-1.407024896583711237e-04,-1.232644303053080594e-04,5.261449457322084022e+00
4.296995425200000085e+01,1.392392777629512107e-03,1.838181863025624418e-04,-2.896852360218242495e-03,5.646349350860631073e-04,6.553511969235767095e-05,-3.021007162633881438e-04,7.555081079865326288e+00
4.306997060700000191e+01,2.204652325847746876e-03,4.156956655781939014e-04,-1.507159161955849442e-03,7.516228318287451206e-05,3.246900277167731955e-04,-6.310193889235174121e-05,3.816986762510636400e+00
4.316996622100000280e+01,-8.642314649112449454e-04,1.832204346078183943e-03,-1.006920038112936976e-03,4.946364657163931965e-04,6.932686171752580877e-04,3.529974019378641988e-05,7.994378824328325805e+00
4.327001666999999685e+01,-3.100328757669936625e-04,4.786290836509693447e-04,-1.377821182647400236e-03,3.905063328025328647e-04,4.838489899152318644e-04,-2.974045729714845220e-04,4.552248205453087948e+00
4.336996793699999841e+01,-9.050145983639443226e-04,4.275428666042010994e-05,1.390846696047874122e-03,-7.254593551895594265e-04,4.213726761930829215e-05,7.312237697183650196e-06,4.578371467438036468e+00
4.346996688800000186e+01,-2.930269760529528346e-03,7.541284367440226344e-04,-4.508037785038625581e-04,7.379833395298464023e-04,6.122289369458935177e-05,-7.623087024224408032e-04,1.169165614590615832e+01
4.357002782800000062e+01,-1.870216954588683339e-03,-6.956954657767709660e-04,1.235045664261958526e-03,-1.138317608233190340e-04,1.016837239931731745e-04,-2.895664932820794617e-04,3.033012159355942039e+00
4.366996049899999832e+01,-1.039146785807298912e-03,-1.205187096348273035e-03,1.419069850227658476e-03,-1.879402081124235748e-05,2.010954834801744731e-04,9.368154223290393564e-05,2.293931481109801940e+00
4.376996231100000045e+01,-1.740746987771678300e-04,-2.658416191889841074e-04,1.625742158265349076e-03,1.188556829138842554e-04,-1.222571242315153932e-04,2.420933556272942630e-05,1.494897799963629481e+00
4.386997270599999865e+01,-6.789619758549112621e-04,2.289344311271548915e-04,-8.339513567606968159e-04,3.095676611878515796e-05,-2.158843147529747233e-04,-5.352904497458057078e-04,3.176315812198525101e+00
4.396996259699999854e+01,-8.781533697124858928e-04,-3.453115627042105396e-05,-5.626091757622844400e-04,5.583696552935805404e-04,6.946967972457992893e-04,2.023505096811663436e-04,7.146995134512342140e+00
4.406996083199999958e+01,-2.966533269833596803e-04,1.495346697397512831e-03,-1.326113641030211843e-03,-3.584613677596285453e-04,-5.035165133404651558e-04,5.950464278362870360e-05,4.500562744877163901e+00
4.416995215400000063e+01,7.518865518641275336e-04,1.434085601258239251e-03,7.660647609022824822e-04,-7.700077971552588647e-04,-6.212864769086165213e-04,-3.020692658765473655e-04,9.145405276702421205e+00
4.426997709199999775e+01,2.659792185850100299e-03,8.223246832807298845e-04,6.975707926897114011e-04,-3.803986392612655038e-04,7.019647083390889931e-06,5.035190584299583695e-04,6.183221569675531271e+00
4.437007117200000295e+01,1.732529438659686713e-03,9.245048014947208903e-04,4.063593194399035824e-04,9.414365967919151789e-04,6.135893138700605808e-05,4.004679979267667745e-04,8.968986767685285244e+00
4.446999144499999801e+01,2.465654808895132583e-03,3.334003140788334429e-04,-1.320831686271815159e-05,-2.079075160181140011e-05,-5.194477402064002179e-04,8.886439870980304256e-05,4.728474143334197244e+00
4.456995630200000136e+01,6.032680155662797222e-04,-8.506704064666775755e-05,9.876888471909654049e-04,9.383121121049554838e-05,-3.924297101652350151e-04,3.727183747775605124e-04,3.087038094934308141e+00
4.466997790300000304e+01,-1.041484422477301913e-03,-2.946655589627783511e-03,1.291698715020145067e-03,2.669754144407655307e-04,1.777504186160979870e-04,-5.342082348753714226e-04,7.035921844618155063e+00
4.477002382199999886e+01,-9.777639181809995306e-04,-4.129702927145109670e-04,-8.914754474627084591e-04,6.781573212502922969e-04,1.664985377551809922e-04,-3.442521877966798149e-04,4.956525516744216375e+00
4.486997365900000290e+01,-1.115858318827839951e-03,7.203929125361441255e-04,-1.801796145662610052e-03,6.070162279580759625e-04,1.083252016266405448e-04,1.767770851173054413e-05,4.663512616752479190e+00
4.496995472900000124e+01,1.477430531320669815e-03,5.336631320109544441e-04,-1.267477944629006453e-03,-3.411352692659869548e-04,-3.955537015705688233e-04,4.697889109496222759e-04,5.571340611505234186e+00
4.506996607800000021e+01,-7.598943491092732816e-04,2.921548901250077546e-04,-5.302552631210443596e-04,5.621066773846209851e-04,1.355326161143982449e-04,-2.416326137752961109e-04,3.149906857429335627e+00
4.516996622100000280e+01,-8.115128461501208007e-04,-5.146449717512158184e-05,-2.312449399136566955e-04,4.759400311085761103e-04,-5.161213425675024958e-04,5.583432651100931569e-04,6.240814514443806971e+00
4.527007746700000013e+01,2.506722763580323393e-04,1.558070469927180443e-03,-5.754023866703381410e-04,2.380966219652945665e-04,1.292939435594883516e-04,4.420250780138190619e-04,3.123675659533326598e+00
4.536998891799999711e+01,2.070790722803403372e-05,-1.164079350475591412e-04,6.328558786729372374e-04,1.776450104948138235e-03,1.966369233431333491e-04,-6.777578765417959297e-04,2.401356462334536701e+01
4.546996569600000271e+01,1.773582016376635401e-03,-1.858067800603175473e-03,-8.159264043670032274e-05,2.377920801065450574e-04,-3.134278440248424412e-04,7.819547095845732435e-05,3.529635587982047795e+00
4.556996011700000082e+01,1.860167416611359370e-04,-1.341992655648247684e-03,1.968851572420864809e-04,4.887889472658231644e-04,1.948922134309634716e-04,-2.780110575595596764e-05,2.433431998727156209e+00
4.566998529399999995e+01,4.615809559708750065e-04,-2.052198867597186671e-03,1.805774244382705486e-03,-1.074659362229617122e-03,-3.820167068289882935e-04,4.519714045671303524e-04,1.254735736299143056e+01
4.576997375500000231e+01,-4.836159550587228184e-04,-2.044456743759675427e-03,2.232413136119648037e-03,-3.473326038731490775e-04,-3.480454384844626665e-04,-1.328545934869032163e-04,5.569879099204350759e+00
4.587006902699999955e+01,3.997581073306236132e-04,-1.170867338872328550e-03,1.484803163564790869e-04,-8.820565335104103150e-04,-5.008138348710736588e-04,5.274599476705543136e-04,8.934105937300380162e+00
4.596998095499999692e+01,1.040148021617818067e-03,-2.726169982189795282e-04,-1.296592791964703510e-03,-2.762413011959993347e-04,6.844760931087586018e-04,-6.805710903509449737e-04,8.439785497724463070e+00
4.606996631599999859e+01,1.074586808008169692e-03,1.895686488536319630e-03,-1.897094359652190618e-03,-3.584370675946999354e-04,4.936229813209065583e-05,-2.206170727721861640e-04,4.300060984374515449e+00
4.616996502800000002e+01,-4.102065569773754444e-04,3.568240510004410532e-03,-1.962215336562231436e-03,-2.723648223318282657e-04,5.543736589086822137e-04,2.438082700052701299e-04,9.419694348119055149e+00
4.626995754200000022e+01,-1.100654149454937530e-03,2.413670316114838871e-03,-9.028909996845234723e-04,-1.899850278882783748e-04,-3.738775060661955665e-04,-3.289273191497425666e-04,4.839525660340057378e+00
4.636982941600000174e+01,-1.524862553921799146e-03,4.173933225972521407e-03,-6.106278330927578449e-04,-2.779824530364326642e-04,2.645071930129864329e-04,4.229092247439572897e-04,9.479481535789490820e+00
4.646996450399999645e+01,-6.716868746664376999e-04,1.133875565546841463e-03,1.339881023043657492e-03,-2.652154733656919279e-04,4.081271080969736914e-04,-4.644457987042829037e-04,4.917650095944772204e+00
4.656998634299999651e+01,-5.185796983376081415e-05,-1.590093956830240796e-03,1.839580901599709769e-03,-5.561066719396536625e-04,-2.718876114248979154e-04,-3.811317687712887552e-04,6.090380255825226463e+00
4.666997599599999802e+01,-1.643909819770712072e-04,-2.070943848363857032e-03,2.762667372351284688e-03,-5.509380753656736114e-04,4.719033792878271367e-04,-1.877060112048624179e-04,8.804866808582680449e+00
4.676998496000000216e+01,-1.374290698040118996e-03,-1.162505592175802627e-03,3.863313528294936607e-04,-5.767515568095568168e-04,6.134753282490760227e-05,-6.274674132554030302e-04,6.273223647566963379e+00
4.687006211300000302e+01,9.418230365397864401e-05,-1.132916907434573101e-03,-2.149239429860579694e-03,5.269640170026208739e-04,4.958442453678413384e-04,-6.389070885159795670e-04,9.403073274036655604e+00
4.696998810699999893e+01,-5.653513487733352605e-04,-1.480451471506542827e-03,-2.028176320946551911e-03,-7.312900759712252959e-04,1.100620651800831640e-04,-3.055979052766183792e-04,7.040706570239331441e+00
4.706996560099999982e+01,-1.007426159763928283e-03,1.093513356938483061e-05,-1.547640001647596422e-03,1.002835001164985090e-04,4.392141739058993380e-04,1.300170375995707132e-04,3.435212484616543716e+00
4.716983056000000119e+01,4.573734566356377901e-04,1.271918289387018175e-03,-1.101406217785532750e-03,-5.878964702006355585e-04,-5.064628902313066035e-05,-7.262868358708325699e-05,3.392512242090735874e+00
4.726995873399999937e+01,1.183058703659291278e-03,-9.710394145962322754e-05,2.192959050265801471e-04,-3.901952618383953400e-04,1.071646256986696346e-03,-2.946907946390916826e-04,1.272727449081281037e+01
4.736996292999999980e+01,1.553316329799213011e-03,7.897097017014118037e-04,1.098758004680680349e-03,-9.946885746827875512e-04,-2.620681653831965162e-04,-1.472943822671358765e-04,7.843429374513799957e+00
4.746997618599999669e+01,1.968337834787415100e-03,-5.747734928366297902e-04,1.791364190514503629e-03,-5.863946080780472895e-04,2.691771376397178754e-04,-3.736925767696577631e-04,6.750983927668187334e+00
4.756997275300000183e+01,-1.484772334091489371e-04,4.267683763239590866e-05,1.102416649164545195e-03,-3.641875919684104085e-04,-3.252583910803411070e-04,-7.286754100278444940e-04,6.238792680376448629e+00
4.766996383600000087e+01,-5.353521791688804765e-05,7.226594647485422296e-04,8.247504095345095654e-04,-2.018186865296025200e-04,-5.443321333112098549e-04,-3.970222031092133889e-04,4.827929615730353063e+00
4.776997017800000123e+01,-3.579398490830693058e-05,9.904372999510781261e-04,1.648073046064263414e-04,8.591669289725264471e-05,1.805630333980819200e-05,-6.011818004700561409e-05,4.382385771741271752e-01
4.787000298499999928e+01,1.310404087307674367e-03,1.361307382624417361e-03,1.014033483810802307e-03,-6.532574790150819100e-04,-5.858126674392217376e-04,9.822881789358128065e-05,7.686193934698605901e+00
4.796996188100000325e+01,3.350272048274049314e-04,1.407519285001088138e-03,3.303393317171830421e-05,7.202419664993731465e-06,3.379635133075050926e-05,-1.574509733863536215e-04,9.129922853574803376e-01
4.806997084599999681e+01,-1.017516971655104893e-03,5.891141955618670045e-05,-1.920040254135174738e-03,-3.399705170498900850e-04,-1.103754363329306423e-04,-1.939882572167969611e-04,3.142433571935703718e+00
4.816996908200000149e+01,-3.851362457252937438e-04,-1.181344265350534051e-03,-2.013322697213982410e-03,-5.244014790896034612e-04,-1.780333374656917786e-04,-1.588045716599802235e-04,4.735454502583996472e+00
4.827008223499999673e+01,-2.445844731401710867e-03,-1.416360542254656296e-03,7.839048216804729921e-04,-2.700703097205498469e-04,1.612941568433309705e-04,-2.625353967416367896e-05,3.860192955027678341e+00
4.836996221500000104e+01,-2.059518700896333793e-04,-5.410500774976657878e-04,1.375251012731372457e-03,-1.081599077279117496e-03,4.168619815582715236e-06,-1.435694838302206189e-04,8.837149419239956671e+00
4.846996164299999776e+01,7.298003468146976869e-05,3.609032339045060989e-04,5.372381572456264541e-04,-4.302106839187695340e-05,4.973176930547073150e-04,-8.046672029358823038e-04,7.579821366949852646e+00
4.856977105099999648e+01,1.531473464875610438e-03,5.909521848377757847e-04,2.677589652093576369e-04,3.947933044626780502e-04,1.625480078057816452e-04,-6.154088818552276357e-04,5.449412513616081810e+00
4.866997480399999887e+01,-8.164897684808589129e-04,1.212470845184471235e-03,8.613741983975126484e-04,-9.076940806721110408e-04,1.360238190374820776e-04,3.858443749857334783e-04,8.124481351300779863e+00
4.876996350299999960e+01,-8.103944749369689643e-04,2.420137707382578884e-03,-9.973253417423512922e-04,-1.535252450759415807e-05,-1.343295889339442088e-04,3.833083032466828746e-04,4.099693277888044385e+00
4.886997437400000166e+01,-1.273995022353986706e-03,1.064881746870992296e-03,-1.807928426749414764e-03,-4.591114040791172829e-04,-7.460636521911192143e-05,-8.461872753926009434e-06,3.835682856239508443e+00
4.896996402700000317e+01,1.130994787083748621e-03,2.362356728526707195e-04,-1.737563766933336844e-03,5.304388126065614053e-04,-2.733785521878792063e-05,-5.784111115912021284e-04,6.345479755250574172e+00
4.907000279399999698e+01,1.976389400922675538e-03,-6.095612684351922606e-04,8.092873785254472117e-04,-8.539121021558595832e-04,-1.452745099347824750e-04,7.550363226086992788e-06,6.734130962241161811e+00
4.916996669699999956e+01,1.701214259910901333e-03,-1.387558282888591565e-03,1.836347507483619690e-03,-1.776755829269719062e-04,-1.224754066979624799e-04,-8.117324661623428713e-06,3.746782267925760301e+00
4.926997494700000146e+01,1.375954882669706836e-03,-6.766120297984380694e-04,1.101146822554816690e-03,-7.267619005908080134e-04,4.313866447408540346e-06,4.810906617854192606e-04,6.681794879337796367e+00
4.936996412199999895e+01,-6.729027504187440334e-04,3.091314661651418938e-04,-4.261376726251062640e-04,-2.245823296231195425e-04,2.232924481290187997e-04,-5.185596583082605852e-04,3.041867729329404746e+00
4.946997475599999916e+01,-1.325486079949112286e-03,1.261507684685449215e-03,-9.334234457446344106e-04,5.040593406049785272e-04,4.283723231326487285e-04,-1.238094560703170981e-04,5.090573936363870011e+00
4.956986451099999869e+01,-2.036811670939140534e-03,4.759382233760871272e-04,-3.746601985515165580e-04,2.016773785724030677e-04,1.908958689981974104e-04,-4.304101750907959683e-04,3.770319894935069360e+00
4.966996860500000111e+01,-1.598959365115667358e-03,4.795948441541179885e-04,-1.853441802758476822e-04,8.100402076274936924e-04,4.736715313233038748e-04,-3.289357099491055608e-04,8.444483602290704383e+00
4.976996564800000300e+01,-9.037179720152756224e-05,1.670507408439100144e-03,-9.582928189884303699e-04,-6.793904816517394194e-04,4.248171220137788228e-04,7.448236810790770412e-05,6.107514899157433952e+00
4.986997485100000205e+01,1.226493482162490864e-03,6.615073244656613505e-04,-1.726073056381736796e-03,2.231913662085576171e-04,3.730109214615589196e-04,2.433260732078683234e-04,4.104896994635656604e+00
4.996996450399999645e+01,2.833401945349096895e-03,-2.092417372504672135e-03,4.748791849402880100e-04,-7.957068956125068742e-04,-2.318434946552678871e-04,-2.742051429719327086e-04,9.948517822711444580e+00
5.006997489900000176e+01,9.956975774127289902e-04,-6.826885972299814864e-04,2.944342142924402314e-04,-2.073059712751803684e-04,1.115532804358422260e-04,5.178109471350176901e-05,1.009611618480072304e+00
5.016997528000000273e+01,2.781404681835747059e-03,-5.397306393540197977e-04,1.421934300653559038e-03,-8.067136715044374764e-04,-3.317655867223941180e-04,2.972642927633812921e-04,9.833862786304445436e+00
5.026997709199999775e+01,1.307154182499862052e-03,6.034630760790339610e-04,3.156278002540444626e-03,6.263950038326429387e-04,-4.549677568767602370e-04,-3.608533378570888319e-04,1.108571339876314532e+01
5.036970686899999805e+01,1.801052198343278468e-03,2.656444837216380417e-04,1.361261631729459003e-03,1.916787501778971275e-04,-1.308762543254577055e-04,-4.551389816407907943e-04,3.996160707436424708e+00
5.046997356400000001e+01,1.085074524255807277e-03,-8.146555005292266394e-05,-2.826391313816949136e-04,-2.864206920420859755e-04,1.916879496883793789e-04,-1.702048950680859723e-04,1.471773846328361168e+00
5.056998228999999867e+01,5.407964327247081343e-04,5.359436159858982363e-04,-5.224429866476087980e-04,2.916889098046792023e-04,1.273689083502220704e-04,-1.359930219247647352e-04,1.156203017442181569e+00
5.066997838000000343e+01,-1.724485749396333610e-03,-1.257610369401924999e-04,-6.445603185920717459e-04,1.449638477271132121e-04,-1.934126121575023528e-04,-2.639017081216228416e-04,2.134624993494788736e+00
5.076996803299999783e+01,-3.087527032223902866e-03,1.781051718532135342e-03,-1.881731307039348142e-03,8.984754410563629062e-04,4.571237959895835799e-04,-1.333229830430562000e-04,1.355051752768130235e+01
5.086997532800000243e+01,-1.290064518609922856e-03,7.489525909247229940e-04,-8.121934733886781999e-04,-8.026977751476798784e-04,4.854423106419544255e-04,3.140279681697961045e-04,8.269916511724920483e+00
5.096998691499999978e+01,-1.972626544939128437e-03,4.147731244738446510e-04,-8.476937165900937446e-04,1.813072511164053838e-04,2.950190198547081983e-04,-9.139827472671462516e-05,2.918462865952017982e+00
5.107000255599999861e+01,-2.509971586478691730e-03,4.225729249848382552e-04,1.267236406104488289e-04,-7.311963616696241374e-05,-5.182243097955682850e-04,5.442589734700407076e-05,4.535441438748754273e+00
5.116998171800000250e+01,-1.239590748616407195e-03,-9.200351031343548258e-04,1.650731812869620906e-03,-8.245816371635059962e-04,-3.665252602946532140e-05,-2.971232630434455266e-04,7.218091189409941322e+00
5.126998233799999838e+01,-8.083159357604001449e-04,-4.515186628397740987e-04,6.904874281305709710e-05,-1.046470360135476698e-04,1.863479783429831070e-04,-2.137266710329277844e-04,1.106258133248157360e+00
5.136996674499999926e+01,2.626170140889987764e-03,-1.696704941447982340e-03,-3.809324301684360869e-04,-4.965737296726717214e-04,-1.854738643143451291e-04,-4.614929286381204269e-04,7.517431610343857429e+00
5.146997833199999661e+01,3.632718959342411125e-03,-1.890230439544268726e-03,-3.569147702162335165e-04,8.012483991493528487e-05,-4.009983787929952191e-05,-5.335450389908807570e-05,6.379256249531442435e+00
5.157009148600000259e+01,3.871994628203338437e-03,-8.612901298112110582e-04,-1.101673240048872335e-03,-3.519728247238439970e-04,-5.035296788068560582e-04,2.389730604497941678e-05,1.046005356260407382e+01
5.166997933399999710e+01,1.532665809320591342e-03,7.190191034535386994e-04,-1.268839405468230944e-03,-1.148667199150571683e-04,2.704496731352089281e-05,-5.081917667316160911e-04,4.225811521440375529e+00
5.176996707899999706e+01,-4.020268565984551346e-04,4.573128167738860217e-04,-1.485007387710126150e-03,-2.294792516817632561e-04,-3.229701444508002858e-04,-2.530420346893655641e-04,3.213746570135468605e+00
5.186999607100000276e+01,-1.690863031515579123e-03,7.322820206564217838e-04,2.235874483337788737e-04,-1.317676221363928862e-04,3.277362897477281646e-04,-3.822006347376327544e-04,4.149389593822916389e+00
5.196985054000000304e+01,-1.092588106111864327e-03,2.222684404122803742e-03,1.586706925025458369e-03,-8.217393328634033317e-04,-3.677799758994317308e-04,-3.367013874396911294e-04,9.698264859188034492e+00
5.206999277999999975e+01,-2.421413119461816171e-03,1.022340014549941167e-03,1.348978409222010254e-03,2.360232702418018079e-06,6.489756888383142828e-04,-2.038545108634966100e-04,8.696680706396531235e+00
5.216999840700000135e+01,-1.820785005082396421e-03,2.677199805893848081e-03,1.257018855674832576e-03,2.924979540822830282e-04,1.037029859320892975e-04,2.596623714358863022e-04,5.844611105419414976e+00
5.226997804599999853e+01,-3.548613109608017915e-03,4.032389245098438879e-04,1.256302360696223697e-03,-2.826113939382114736e-04,-1.960708606270288013e-06,1.487088406251182342e-04,6.564791299478478948e+00
5.236997270599999865e+01,-1.002491856220314587e-03,-1.109886941447698477e-03,6.322871312566813451e-06,3.163734340158831843e-04,-2.160300816232788859e-04,-8.454577457838745769e-05,2.072713351046918895e+00
5.246997809399999824e+01,1.132190119157555283e-03,-1.870533788304568068e-03,-1.073462208913668336e-03,-2.760053523798705198e-04,9.438945010444936546e-05,9.434807295941474750e-07,2.908065517183028081e+00
5.256981349000000137e+01,3.562211220843323686e-03,-1.922192407097372824e-04,-2.644709606536350954e-03,9.675513379563766220e-04,4.638434046899056343e-04,7.185920319114624528e-05,1.694363114300352535e+01
5.266998553199999833e+01,1.627940895448435482e-03,1.955933408830934361e-04,-7.010907947299308690e-04,-1.347040341469208627e-04,-1.359843175902894461e-05,-1.877361018128629428e-05,1.421557102856737753e+00
5.276982545799999968e+01,-2.679489553454820344e-04,-1.764378932630344954e-05,-3.679003173725726647e-04,7.225522045852971658e-04,-3.223905089605676303e-06,-2.139787839627551496e-04,4.126198703849061289e+00
5.286997890399999989e+01,4.035350875104988522e-05,-3.531717024091475532e-04,1.173576827128037028e-03,-6.439455480347397562e-05,-6.138790796214255640e-04,-2.063124529315454858e-04,5.542484124777878662e+00
5.296996927200000016e+01,-2.189215870000704722e-04,1.535658128816008716e-03,1.832666936829276637e-03,3.438831788903482954e-04,7.185262977238092137e-05,-2.340327814134322360e-04,3.691983783980801626e+00
5.306997919100000161e+01,7.026340610958824173e-04,1.185231250970704420e-04,2.333751326366534286e-03,-7.622045501146615561e-04,-2.841968541367387280e-04,2.033641879257082655e-04,7.538958190956134509e+00
5.317001152000000275e+01,1.924295961843623323e-03,4.969538904994047490e-05,7.965614636483908315e-04,-5.390117428701303665e-04,1.658259947963294377e-04,4.440406790355357915e-04,5.957074678983820704e+00
5.326997804599999853e+01,2.467291851273667805e-03,7.796417200609633003e-04,-6.705828377207715199e-04,-2.706880401892529072e-04,-1.950760158152586355e-04,2.278264558109353659e-04,4.217936550611092628e+00
5.336997699700000197e+01,-3.453849073559323718e-04,7.316121013409629392e-05,-1.524534613440887629e-03,-4.977254846375567254e-04,-1.609578054420850548e-05,1.697881607458699921e-04,3.086179753058025277e+00
5.346998333900000233e+01,1.428565430619047061e-04,1.157396890589093563e-03,-1.227571159899269390e-03,1.239228829267192283e-04,3.488090629105807168e-04,-2.674260310797442171e-04,3.393610849108620542e+00
5.356984138499999659e+01,1.615711161823902078e-03,1.264432968960334941e-03,4.056733752972087326e-04,-7.832432020706058895e-04,1.093093474372193821e-04,-1.388660342580765408e-04,6.189706217578105907e+00
5.366998028700000134e+01,-1.494312240032904388e-03,-5.552933294426694311e-04,3.142631865721463164e-03,-6.083844677477468339e-05,-2.157262973188074195e-04,-8.911401594118040790e-04,1.417195684266298272e+01
5.376997613900000061e+01,-1.679822689311452621e-03,-6.240271294744650921e-04,1.731098217822626614e-03,-3.573043575183807515e-04,3.970243073778483250e-04,-1.245667726249063544e-04,5.485727249784030590e+00
5.386997914300000190e+01,-1.798662828669372188e-03,-1.071127011186983474e-03,7.868522373403465889e-04,-8.573979220585704235e-04,-4.595049997571015515e-04,3.790818099380730694e-05,9.334168738234575713e+00
5.396998119300000241e+01,-1.852127618163661171e-03,-1.405801354835558431e-03,-4.191551446986396205e-04,5.186685763579864175e-04,2.924565675757167518e-04,-6.227972269723896885e-04,9.036579395432426054e+00
5.406999230400000300e+01,-3.786357951486296614e-04,2.868437273773720431e-04,-2.689062818415157569e-03,-3.494379865623392233e-04,-7.421491915809047850e-05,8.388703907510390253e-05,4.295351875788345986e+00
5.416997432699999848e+01,1.049348357446794680e-03,2.340737111964884265e-04,-1.214528501780041004e-03,1.480329135731089625e-04,3.139597140538433623e-06,-4.270077030789347795e-04,3.178106061617945066e+00
5.426998066899999884e+01,3.401384334791366856e-03,1.706512166309862022e-03,-2.054343840598872335e-03,-6.748794961577492995e-04,-8.229980203031154139e-05,6.424213871776557208e-04,1.522689662402897426e+01
5.436997556699999734e+01,1.826982235794021026e-03,2.814948587791119006e-03,-3.482126097859898455e-03,7.702898574149305696e-04,-4.133163132112391963e-05,1.858270429732726266e-04,1.429728272958271873e+01
5.447000026700000319e+01,1.210575292972904810e-03,2.498254630795528758e-03,-2.541548368554707830e-03,-3.052047418606797398e-05,-1.417195518810060667e-04,2.173287913530721322e-04,6.624075898679118168e+00
5.456997489900000176e+01,-1.882429685429350130e-05,2.962938378677365536e-04,3.930354284778555390e-04,5.630683615196903878e-04,-2.712479415382858475e-05,-3.173210960078188484e-04,3.265034923255941912e+00
5.466998577100000034e+01,-6.129118579405127415e-04,-5.345282377966359411e-04,1.320531440582955324e-03,-3.992471738233477319e-04,1.101382381611233722e-04,3.812963949014145097e-04,3.652942788324097911e+00
5.476998066899999884e+01,-1.365944463117852239e-03,-3.093642440866462007e-04,1.565475305864691413e-03,2.490448927519948031e-04,3.267086177949713659e-04,1.352922812112728195e-04,3.811680063752901582e+00
5.486997795100000275e+01,-2.861984365546948322e-04,-8.803811052991890318e-04,1.251609303034097696e-03,-6.364970681120447329e-04,1.162594379905433829e-04,2.219556337196571525e-04,4.533330684458197979e+00
5.496997213299999885e+01,-7.930923505080691993e-04,-9.389728610902751960e-04,1.173193060603295278e-03,3.194740182253973039e-04,-2.164952556110285795e-04,9.820228448122536317e-06,2.379727996491578956e+00
5.506998920400000230e+01,-9.804778156410030865e-05,-1.909886475053676480e-03,2.721640061385050251e-03,7.880586713883888498e-05,-3.741016381423361756e-04,-2.872908726960198824e-04,7.072092722939898657e+00
5.516997480399999887e+01,-1.603293692876300164e-03,2.936674156863751384e-04,2.743522521328148160e-03,-9.813979995766840205e-05,1.838214574451478697e-04,2.828288048721200668e-04,5.728878474988629677e+00
5.526998352999999753e+01,-1.386071888871060961e-03,-1.759523279602690643e-03,7.584856331670005326e-04,7.495345412637635424e-06,1.069296153844080151e-04,-2.333522329672560122e-04,2.798469470117059821e+00
5.536979413000000250e+01,-3.953423511138896146e-04,-1.411625039690129341e-03,-3.244912976120800478e-05,-9.909650460987539744e-05,-6.082868497199145444e-05,-4.543677964218454193e-04,2.754537177304304585e+00
5.546997642499999870e+01,2.311263879499333637e-03,7.512292247771612530e-04,-3.136277800457491771e-03,9.190769690172113145e-04,-3.032666889089677677e-05,-1.867990293233481370e-04,1.252337453319100291e+01
5.556997537600000214e+01,1.336051518645596514e-03,2.302105204859399012e-03,-2.965544148250186512e-03,5.544889372242943829e-04,7.649953094415099083e-05,-3.292836905989558272e-04,9.378425619684930936e+00
5.567000079099999965e+01,9.078748938775686728e-04,2.155084480188199786e-03,-3.341305803828991360e-03,4.960365755233598099e-04,2.552586556603772972e-04,-9.346995597304806979e-06,9.189013031030071943e+00
5.576997661600000100e+01,3.043738296484126138e-04,1.962531540502316513e-03,-5.581706065785358578e-04,-3.139619009894463789e-04,-3.297002931442820058e-04,8.440514998609468644e-04,1.074376137609237603e+01
5.586999225600000329e+01,-4.136387000102260264e-04,4.631940754600445687e-04,1.215520768521990286e-03,-4.639477988990227094e-04,2.211994688316956551e-04,5.159004013543466933e-04,5.022186796513830487e+00
5.597000932699999964e+01,9.812154670476563173e-04,1.293988227858939438e-03,-2.613314475362546463e-04,-2.574606040518183218e-04,1.972126135134920930e-04,4.904855440424651892e-04,3.916183743329973765e+00
5.606997346800000059e+01,-5.185797770579855803e-04,1.629155335610175254e-03,6.987354644082200208e-04,3.107529877657714342e-04,-1.351005065366538257e-04,-3.710941391660646667e-04,3.288589017865300335e+00
5.616997432699999848e+01,-1.603817884248286141e-03,3.131352983256438516e-03,6.557227122710156814e-04,5.375943744553017978e-04,1.171930167549824664e-04,2.652051401751945509e-04,6.921510977700457978e+00
5.626973938900000149e+01,-1.014226979673812576e-03,4.250750334800611901e-04,3.557569537204728627e-04,-5.388921047374675358e-05,3.498080425906574639e-04,4.997071998985892771e-04,4.295907415887492142e+00
5.636960768699999846e+01,1.368263167215579695e-03,-1.992486734496199882e-03,8.069790372021478156e-04,-2.431741308937885107e-04,1.460702998607171104e-04,-3.851677342303953485e-04,4.392129182024343770e+00
5.646998572300000063e+01,1.506138714826127725e-03,-4.494608739296543018e-03,1.775885266259618137e-04,-3.234192532731203868e-04,2.617427945950292893e-04,-4.141599194604100886e-05,9.454759879168223691e+00
5.657000684700000193e+01,9.566618648645004719e-04,-4.483337624597828752e-03,6.548614008112787696e-04,2.639755571585713470e-04,-2.801184529616177485e-04,-3.203313605236223828e-04,9.966266796470971912e+00
5.667005753499999798e+01,-6.738978373800764282e-04,-2.968400757785427668e-03,1.323377388782604781e-03,-4.809069033783316331e-04,-2.325360004806410372e-04,3.226238299133937218e-04,7.328145516175230689e+00
5.677000069599999676e+01,-1.838759526691500015e-03,-6.676714244525476516e-04,1.280478418231123603e-03,3.320749467381394556e-04,6.124113554123961436e-05,-3.726488293003118535e-04,4.553438636338003498e+00
5.687000203099999851e+01,-1.079671938072219659e-03,9.107548794175870932e-04,4.459050052708301258e-04,-7.384866001695423229e-04,-1.733293743955893805e-04,2.435625178871553167e-04,5.051010966760458132e+00
5.696998763100000218e+01,-1.758952155939293854e-03,1.448906547099254594e-03,1.015567762893943536e-04,-5.151577263746583667e-04,2.375856379498791308e-04,5.759497162005880098e-05,4.253406750735883257e+00
5.707000350900000285e+01,-1.764498701889178484e-04,2.617719125279544673e-03,-4.015696155705112888e-04,-1.503290851767557211e-04,-6.456505105461789790e-06,-3.621682707205677140e-04,3.741114408788353440e+00
5.716998791700000027e+01,1.033238427568274748e-03,1.665121610997077894e-03,-9.872625109342120751e-04,-9.408651928028299199e-05,-3.266067381608796395e-05,-1.396781309434349551e-04,2.078806374860903805e+00
5.727001380899999816e+01,5.237484702387135149e-04,1.598834149394809390e-03,-8.719174870644810262e-04,2.781558083477077628e-04,2.368591006938738087e-06,-1.887054789104568406e-04,2.291893568818929694e+00
5.736997747400000236e+01,-9.022867406696857134e-04,-7.364510816675676197e-04,-1.224970984815221264e-03,-3.677002631449445753e-04,2.155496204054917837e-04,3.273033447225349481e-04,3.784671219852999258e+00
5.746999335299999956e+01,3.815653513690904497e-04,-5.378668597248552341e-04,-2.533537406804948003e-03,4.878206554082602448e-04,5.118559347472832364e-04,-1.068707705997806777e-03,2.012774869389237864e+01
5.756979346199999981e+01,-1.679549058453407712e-03,-9.739941230299288544e-04,-1.894718011227509470e-03,-2.280818596315866852e-04,2.066265748141039318e-04,-5.173181930801245064e-06,4.077511454481076214e+00
5.766999578400000104e+01,-7.973436612814487068e-04,4.129413397413843334e-04,1.091097588509770504e-03,4.940055925233845756e-04,1.750936496830844560e-04,-2.772326714527935171e-04,3.766829919306449614e+00
5.776998138399999760e+01,3.456542440054069520e-04,1.429734177766164849e-03,1.879399015487485773e-03,-1.839456258280688667e-04,-8.094086531096676522e-04,5.941624912727912948e-04,1.284537618239613899e+01
5.787000036199999897e+01,2.053576894792760385e-03,3.857827042700739950e-04,2.165534699596891478e-03,4.559551673122409603e-04,2.546943311178872030e-04,5.419174763239864882e-04,8.786074042157686392e+00
5.797000527400000180e+01,2.886428388283202376e-03,-1.805598219414041028e-04,1.118946912640695658e-03,1.485497078977437502e-04,-3.058850474404668004e-04,2.890703999299061903e-04,5.966241687826704165e+00
5.807007360400000096e+01,1.098489058135764668e-03,6.560299432120109131e-04,-3.208957960388631597e-04,6.203075894813840164e-04,4.148937132094555782e-06,-2.182994721640877538e-04,3.625381985365304871e+00
5.816980814899999785e+01,-5.880285963320106696e-04,1.340542079732050945e-03,-2.562100309565539316e-04,-5.776443893354788828e-04,-2.850006452183871707e-04,9.740812253370549102e-04,1.209561751699748733e+01
5.826999306700000147e+01,-1.197372349219056817e-03,-2.772287488218769247e-04,6.061053711357072479e-04,-1.312476512254714695e-04,-1.533344305967408326e-04,2.560236831879703057e-04,1.776428072205547437e+00
5.836998319599999974e+01,-1.878100357658493702e-03,-7.385048737204302771e-04,6.305406004375509882e-04,-1.059598507039030358e-05,-1.661529056934977290e-05,-5.088106482951514509e-05,1.830791934011206434e+00
5.846999478299999708e+01,-1.815347436926916663e-03,-2.150874332692252755e-03,1.242621714628457281e-03,-4.084489384639496752e-04,1.005908907505112174e-04,7.595701616954555211e-05,4.944100517116276627e+00
5.857001948300000294e+01,-5.783421768022004028e-04,-1.176611366818836740e-03,-2.640786197951263022e-04,2.125768518784246187e-04,-1.169135515425707397e-04,-1.007248526164366745e-04,1.149310725548078338e+00
5.866999363899999764e+01,7.418630130913202864e-04,-1.947314996324917002e-04,-1.569946058732400902e-03,4.567669653235190472e-05,5.003180894197597128e-04,-2.247623588266994875e-04,4.703167087783524991e+00
5.876999139800000194e+01,3.073651019347995589e-04,2.087661391956263657e-04,1.453395516572792909e-05,2.852987681163791684e-04,-1.786302252436567162e-05,5.621263391267643543e-04,3.423679843172152015e+00
5.886999201700000128e+01,8.730510598810737460e-04,9.279825235712149678e-04,-6.240656543434284359e-04,1.859190842450212169e-04,1.098392753061609080e-05,3.526821345458848998e-04,2.266030771025731028e+00
5.896998381600000272e+01,2.254343514238555182e-03,2.587786734322800389e-03,-1.727513409931448560e-03,1.903651130322591822e-04,-7.495529542665505267e-05,1.388475020132160930e-04,5.812605430458770428e+00
5.906999397199999891e+01,4.138353372102662048e-04,9.746767762025283083e-04,4.075530753344029471e-04,6.150442438465826035e-04,1.028740005719904984e-04,7.520536365726788238e-05,3.025964240557541096e+00
5.917001032799999649e+01,6.356838795496758815e-04,-5.001355245658097026e-04,-7.118289696471206962e-06,1.284911835279047064e-04,-2.037905240310232174e-04,1.028962168971182659e-04,9.094487576542206186e-01
5.926998472199999668e+01,-1.912744085496402568e-03,-1.480912792794560062e-03,2.154956500239877705e-04,5.405786859419248972e-04,-1.640968815624848263e-06,5.010443236214362581e-05,4.078764844282328106e+00
5.936998343399999811e+01,-1.684199974887589865e-03,-1.961825020485717663e-03,6.311635284944111177e-04,-5.593714448915524393e-04,-1.561824117500532863e-04,-9.267100996094798128e-05,5.021797026272706077e+00
5.947000122000000033e+01,-1.624197658749410023e-03,-2.085346087847758656e-03,1.449199715953598030e-03,-5.841872680235345145e-05,1.523222819396216968e-04,-2.207160514207179226e-04,4.198596467896958728e+00
5.956998944299999721e+01,-1.426460241455792047e-03,-1.200667043782487065e-03,7.657719666768632825e-04,-7.007770012717661964e-04,-1.423815990444928209e-04,-3.009564510196594553e-04,6.178461554490688457e+00
5.966999506900000227e+01,-5.771651803210091358e-05,-1.875931739133276238e-03,1.470851093167951235e-04,-5.906278068687828694e-04,-1.726640280510213300e-05,-1.078503599948848330e-04,3.626650170908035431e+00
5.976999664299999893e+01,-4.781039676374915226e-04,4.013985281161140672e-04,-8.088690869314206500e-05,6.096544576958322446e-04,3.779520946995571450e-04,-6.541600895150894443e-04,8.447488318582724531e+00
5.987000203099999851e+01,1.232874927898716319e-03,-2.027826375027713679e-05,-1.105235448790880095e-03,-3.894373685985717820e-05,-5.337918344155698008e-05,-1.396707502694147338e-04,1.351998905790525507e+00
5.996998524600000025e+01,1.388828715207460901e-04,2.673313259775107753e-03,-2.658178908306288012e-03,9.965094844476289539e-04,-1.784868778047223818e-04,-4.200371314468914611e-04,1.423843225502055532e+01
6.006999230400000300e+01,2.078203594589895370e-04,1.929586544286706479e-03,-2.353267120986255768e-03,-1.743454937615731984e-04,1.931896542393075417e-05,1.976899512630183860e-04,4.306190779808105162e+00
6.016999602300000305e+01,1.227411747223249722e-03,8.148358607412871379e-04,-9.639796607579546525e-04,5.032768771045261456e-04,3.023756883852700761e-05,8.214305803302317330e-05,3.060613687795523230e+00
6.027009487099999774e+01,2.805771313741146217e-03,-8.800522456486915834e-04,-3.836366124695522045e-04,2.985888080391833834e-05,-4.008880190374751294e-06,1.452677933808222516e-04,3.594277785465423314e+00
6.036998391099999850e+01,1.661007108087255227e-03,-2.900350468804484272e-04,9.863875734377946722e-04,2.924607574334141952e-05,3.739729327749411933e-04,6.200499576789452729e-04,6.781815336050851961e+00
6.046999287599999917e+01,9.256849876634765800e-04,-6.618689891214404875e-04,1.412697619457294572e-03,1.822258618381810866e-04,-4.671051694776944051e-04,4.563609060089371459e-04,6.259962110513578537e+00
6.057006621299999694e+01,8.006853997432807762e-04,-2.957892913432548510e-03,1.521359501075374241e-03,1.799801891997764188e-04,1.121095983386626266e-04,-2.951262392462883550e-04,5.460428244865963343e+00
6.067001581200000260e+01,-3.480750032094446361e-04,-2.096889314108802554e-03,1.849624170123332322e-03,-7.439647145876267633e-04,-5.909961802663653025e-04,-3.863867002152914941e-05,1.047074520578459911e+01
6.076998853700000325e+01,-1.722982413920777500e-03,-1.049964339155849691e-03,1.415443462368065879e-03,-5.058985725579502298e-04,-1.441317178598114498e-04,-6.743845202839547703e-06,4.287940744356047773e+00
6.086999368600000082e+01,-2.024239931257870023e-03,-6.221816680231292973e-04,2.266845912931339437e-03,-2.829615044017317845e-04,-3.396816561729158507e-04,-9.058266744773963623e-05,5.781421555904241671e+00
6.097002482399999934e+01,-1.471511920820348790e-03,-2.074590189109493110e-04,2.114028931261065659e-04,1.772590222028139738e-04,-2.122823084148712494e-04,-2.819544024283454262e-04,2.355318945560490373e+00
6.106999778699999837e+01,-2.447963133642625660e-03,3.245830321279518510e-03,-2.631365210463511729e-03,6.389100423844288864e-04,3.594176419472370717e-04,-2.272034600898145131e-04,1.370194697038581211e+01
6.116998648599999910e+01,-5.797394515899122885e-04,1.763471758617081442e-03,-8.625375706578319954e-04,-1.080192179503951824e-04,-8.731457177664859526e-05,4.529402774832232853e-04,4.023299137025077243e+00
6.126988792400000250e+01,8.557603362833836325e-05,1.758968724233846148e-03,-1.804409583633742988e-03,1.331785419395242753e-03,4.766930992286228072e-04,3.793834822551335419e-05,1.695169776423615815e+01
6.136980199799999980e+01,3.996520009747223795e-04,2.044443975612569853e-03,-1.099718863686337689e-03,-2.564656604090590752e-05,-3.641585967390654479e-04,8.197528343642919392e-04,1.014120811497394925e+01
6.146999716700000249e+01,1.764233554012891586e-03,-4.902737094459805323e-05,-5.716300165098200416e-04,3.562943729021810857e-04,4.187741463800147301e-04,-4.371797620752317868e-05,4.100234702080643778e+00
6.157000589300000115e+01,2.606125884095394918e-03,-1.574088246475126296e-03,1.778241786393520464e-04,-4.633697227860278487e-04,-9.171986208020859084e-05,1.421474022458317152e-04,5.399427563798714580e+00
6.166986441600000290e+01,2.250967192773215345e-03,-2.090175192138957194e-03,-9.180952255961340701e-04,-7.398107873523063248e-04,-1.283307186407034906e-04,3.036704839882022966e-04,8.816775666988698745e+00
6.177002477599999963e+01,2.391714648219307737e-04,-2.569272041434873810e-03,-2.784350225719617149e-04,5.963066400084526063e-06,8.366494840924051241e-04,-1.275659162325758146e-04,1.033603614981618257e+01
6.187001657500000107e+01,-7.577915171776694603e-04,-1.679621042960058319e-03,-1.975254332153408149e-05,-6.665614406508255920e-04,-1.560119732974100688e-04,-3.174456338107077823e-05,4.190370421749015861e+00
6.196999907499999694e+01,-2.744693064447908254e-04,-4.874356404104100704e-04,2.086811805535031955e-04,-2.414840430403219650e-04,-2.458014869806046860e-04,2.630181450944396181e-04,1.838300742444863189e+00
6.207000184000000331e+01,-1.487230178096737854e-04,9.480923233115903792e-04,4.118589500821017227e-04,-1.699499702514558339e-04,-6.396243616696591604e-04,-4.163102829287088937e-05,4.865161478083160240e+00
6.217001080499999688e+01,7.758398569991682009e-04,2.195969244478398336e-03,3.435597045798400098e-04,7.298705004694274866e-04,-3.615458582487997286e-04,7.446354577937115509e-05,7.188214164629984637e+00
6.227002930599999786e+01,-5.600179340790895771e-04,1.567403526228011018e-03,-2.083239638688656400e-04,5.284796489852180436e-06,3.119969226945820444e-06,2.397744419919378125e-04,1.529714086034057008e+00
6.236999464000000160e+01,6.878873571871703396e-05,-3.694688512999658170e-04,2.206004492158581808e-03,-2.174458709037941793e-04,6.280785194395575421e-05,-2.674920529956136819e-04,3.296808762307610330e+00
6.246998906099999971e+01,-2.295781754343296371e-03,4.233387882224201593e-04,2.508705795599779596e-04,5.130222107271235985e-04,4.003903697214815458e-04,4.469707673161880035e-04,7.981212125285347625e+00
6.256974172599999662e+01,-1.492769733260379192e-03,-1.269129325264069935e-03,-1.116522108133917619e-03,-3.013414302386376313e-04,4.117878685894496528e-04,-1.946198868576705680e-04,5.228706994090942750e+00
6.266998839299999702e+01,-1.326964844309365399e-03,-1.200206094023367753e-03,-7.529557105899840203e-04,3.015560412899499993e-04,3.706933384499084085e-04,-5.970358971749533533e-04,7.266070337728034900e+00
6.277007651299999935e+01,-3.294982331961161803e-04,-1.577742846492403983e-03,-3.792042738548192030e-04,-9.194121159197297466e-04,-3.530196855093282191e-04,3.828009833075726623e-05,8.391348367965374422e+00
6.286999702399999990e+01,-9.530085623365991410e-04,2.406151164059677772e-04,-6.236292477321356970e-04,4.510921946776323016e-04,-2.713734152636704676e-06,2.353965117758512378e-04,2.485293490078019474e+00
6.296999096799999762e+01,-4.711597038992414860e-04,1.830863392424386671e-04,3.686871500037068594e-04,-9.364488565471848405e-04,5.379132246986042306e-04,-7.161924927933142285e-05,8.996081229033098481e+00
6.307004356400000233e+01,2.387381894103127525e-03,-1.692448578380981172e-04,4.417663211770880838e-05,-1.895078301344211918e-04,5.544569818777876722e-04,-3.861673119733031252e-04,7.615818174669211515e+00
6.316998910899999942e+01,3.500227732615360590e-03,-8.179033785482708874e-04,2.657980174186223496e-04,-4.113329646542501273e-04,1.252293439507786419e-04,-1.744841035767905144e-04,6.571775278517630881e+00
6.326999401999999861e+01,1.945657583950911873e-03,-6.036983610649797327e-04,1.663480955853150270e-03,-5.783228990150177410e-04,6.629077648248306526e-04,-4.797085663830488820e-04,1.178040757345409872e+01
6.337001299799999998e+01,7.704630790287617104e-04,-6.122325479701942741e-05,1.839457664869659833e-03,-8.320771398662821531e-04,-4.948094475397149484e-04,-1.867896425560671683e-05,8.559278118489288545e+00
6.346998929899999808e+01,4.887151420603277202e-04,1.585662356903348724e-03,-5.903774001916693021e-04,-3.251447904432522231e-04,7.751860620314710796e-04,-2.186474318827591720e-05,8.548917914405327778e+00
6.356998848900000354e+01,-7.634418940383087826e-04,-7.492908459032221469e-04,-7.654998319398479550e-04,-3.254158589651410540e-04,-6.400752843309282002e-04,4.670507620640387673e-04,7.855615308304980005e+00
6.367002010299999881e+01,-2.734619769812400222e-03,7.455018891568826467e-04,-1.157985421086776823e-04,-6.298760336992105481e-04,-4.114185845384123403e-04,-2.864169396765705537e-04,8.281543888700211298e+00
6.376986813500000295e+01,-2.706546534644088328e-03,3.625030715581751412e-03,2.781616006565000923e-04,6.169689643050947246e-04,4.516370358877272104e-04,-3.212135661814243242e-04,1.281243866824650190e+01
6.386999654699999951e+01,-3.612261291182240069e-04,3.009470496499883074e-03,6.014481014414846394e-04,4.415676780088165936e-04,-2.591030160926850213e-04,1.735010155654521978e-04,5.413800077889013629e+00
6.397000646600000096e+01,-8.056870888470922532e-04,1.544391372957632652e-03,-1.511478656541324905e-04,4.370926965779083870e-05,-7.856214815464989231e-07,3.279755962194361163e-05,1.052348713190159879e+00
6.406999492600000679e+01,3.049200359388590242e-03,-5.344882649108845252e-04,7.524535712298179371e-04,6.039810112239683317e-04,-3.426641925318358087e-04,-5.999390304112378353e-04,1.164734690792417027e+01
6.416985082600000112e+01,2.552930918821371548e-03,-2.290671137221839126e-03,-3.136319189169303745e-04,1.172777685516502677e-04,3.594253577058363820e-04,-1.575679052698299143e-04,6.306151743167534462e+00
6.426999163600000031e+01,1.293650804026762191e-03,-3.353062878612898118e-03,-3.003414811788159521e-04,-1.135826726561677973e-04,-5.345860787396820727e-04,-1.063790630750023397e-04,8.413125312025618641e+00
6.436998868000000584e+01,-2.225767488473612277e-06,-2.732821633854260607e-03,6.066293373836596607e-04,-7.190370770111585794e-04,-4.314151385093840723e-04,3.854206715976235217e-04,9.653387206392499920e+00
6.446999120700000674e+01,-1.750698822303321106e-04,-8.699288287579085011e-05,-1.174126783706063749e-03,5.129055530326865090e-04,-2.550541737375653512e-04,3.001322743418389789e-05,3.170356549546867519e+00
6.457002329799999529e+01,-1.006735236614014761e-04,-2.715858919762371981e-04,8.405993951228546077e-04,-4.499035465136235596e-04,1.590358009033888812e-04,7.687095261747266348e-04,8.163031868222345722e+00
6.467001318900000228e+01,-5.766212278091788906e-04,5.309603308229285390e-04,-6.215578675929094195e-04,2.587210937721425626e-04,1.963496191595156366e-05,7.010732942956118341e-05,9.358784598100809982e-01
6.476999425900000062e+01,-8.179391394681646138e-04,5.170613743090517189e-04,-1.770922261181368060e-03,4.125495734117090758e-04,1.296894529944117005e-04,-2.865853375769425904e-04,4.058184173228230662e+00
6.486999797800000067e+01,-1.204770466321815336e-04,2.442146385984653601e-03,-1.626564232738614453e-03,2.734381245037720721e-04,1.326024237513179183e-04,-1.066863836821966790e-04,4.279504844957588539e+00
6.496999454500000581e+01,-3.304789267409916076e-04,3.882912627719805471e-03,9.803971484153607696e-06,7.920974710060979095e-04,-2.730463164328895357e-04,-1.007978067901791290e-04,1.124522262060103728e+01
6.507000660900000355e+01,9.790709365384495100e-04,2.653264241118225009e-03,9.336822138611721757e-04,-9.158248473700496490e-04,-5.914618537916185078e-04,3.187920722620344975e-04,1.398182669016890856e+01
6.516999101599999733e+01,4.335780587630191918e-04,-3.241668327305519126e-04,1.094458309467037042e-03,1.530602886994403863e-05,-1.648697019564870740e-04,-5.915840537730847597e-04,4.296303987880836672e+00
6.527000307999999507e+01,2.793613796525211586e-03,-1.541945347578871361e-03,-1.252576053395324657e-03,-1.104572048232729939e-03,-6.808182589915373357e-04,-3.599553962959460562e-04,1.983044066102852909e+01
6.537000751499999751e+01,2.618714061501390203e-04,-1.096224068170420507e-03,-2.213548252280734575e-03,-2.158174603300012332e-04,-1.827769019276958586e-04,4.674563485942095470e-05,3.788174669409156259e+00
6.546975302699999588e+01,-8.258270813910838747e-04,-1.000329384327064419e-03,-2.868449406062440962e-03,-4.481892472165615541e-04,2.586902142553897479e-04,2.158289785708870662e-03,5.277766599917272572e+01
6.556978583299999741e+01,-1.473911395543685103e-03,1.467112052994046234e-03,-1.556861209798484670e-03,2.085569425472873575e-04,1.849161810336330200e-04,1.599199475248768874e-03,2.906641340667212248e+01
6.567015337899999849e+01,-1.282049354123445360e-03,-1.204065667045450816e-03,-9.484874419583236987e-04,9.683478061122606463e-05,7.149942176088832160e-04,2.160742863970859916e-03,5.092281694622027999e+01
6.576985263800000325e+01,-1.277409439597767225e-03,-2.351095938523672935e-03,1.505928016726264598e-03,-4.850916660501553446e-04,1.106881549622139131e-03,1.668978802478468656e-03,4.889306004911101411e+01
6.587000656099999674e+01,-2.418950619848992019e-03,-2.626076936145971263e-03,8.765337576883370715e-04,-4.723058239306751637e-04,2.228446065422359616e-03,1.147465718190232185e-03,7.590302449168936505e+01
6.596986627600000475e+01,-1.831133976380852017e-03,-1.314611625949368978e-04,-3.996368312033336812e-04,-1.113296342376121758e-03,1.843289798323110434e-03,1.438855813805619633e-03,6.832129369495059734e+01
6.607006645200000605e+01,-1.001886597223175437e-03,-3.592352645089835761e-04,3.563781257004700748e-04,-7.001490356584674519e-04,2.175979071436148857e-03,1.038415664139013964e-03,7.411490790936655060e+01
6.617000007599999378e+01,-8.050128955396526577e-04,5.446319424231571560e-04,3.225374078310636224e-03,-9.898047154902988969e-04,2.869589709310124605e-03,1.962610555746281508e-03,1.456012502895849252e+02
6.627000355699999545e+01,-7.565392535219392020e-04,6.900460340637515344e-04,9.610469028411144921e-04,3.438206010604767925e-05,3.068084833010637034e-03,7.960562803207068151e-04,1.099006144808479775e+02
6.637000822999999627e+01,-9.137092357245505184e-04,-1.385916964308231414e-03,1.624113646135827947e-03,-9.485741898987695491e-04,2.179025961984598983e-03,-2.645928613192177889e-04,5.540726233514817523e+01
6.647000169700000072e+01,-9.258307687880495962e-04,-3.186087299931195105e-04,1.107859183748351704e-03,-1.053936582691262754e-03,3.212009074374317080e-03,-1.807671712326486485e-03,1.485659353921895729e+02
6.656999349599999505e+01,-2.067312100200936059e-03,1.037169615522470778e-03,2.976623429881836147e-04,-5.335600287369217853e-04,1.881414302814682924e-03,-1.917247484509223502e-03,7.870191347874755650e+01
6.667000150699999494e+01,-3.903524026253338275e-03,2.536423644890706264e-03,-2.491210676195945370e-03,-9.050939094877152175e-04,1.888580863249462744e-03,-1.887855122777275674e-03,9.480034756441561683e+01
6.676999330499999985e+01,-5.415129467667340046e-03,1.462217545387334283e-03,-2.732999457816605651e-03,-3.535655087583181554e-04,1.500698970530747961e-03,-1.416209520528414947e-03,6.493755275059635323e+01
6.687000727599999550e+01,-5.938725423451529650e-03,-8.623853702763861762e-04,-3.562114014919657429e-03,-6.639648686385073292e-04,5.694333318922176418e-04,-1.578529495052696276e-03,5.766359383318168597e+01
6.697011947599999360e+01,-5.988942587931478378e-03,-6.998697416104260327e-03,-6.384541468369864248e-03,-2.370029957772989016e-03,4.768232949596582860e-04,-8.481909340416010851e-04,1.236567863769700182e+02
6.707001566900000000e+01,-4.751959352856216512e-03,-1.245658142660654999e-02,-6.208894365227014822e-03,-2.512318851075407561e-03,-4.699423953751707484e-04,-1.101933076993966793e-03,1.792711761093127905e+02
6.716999530799999718e+01,-4.121866540146845725e-03,-1.641445027223931152e-02,-3.648880958838137539e-03,-1.739873690594240067e-03,-1.062615311743432301e-04,-7.523852618454612753e-04,1.902650506891725399e+02
6.727000594099999375e+01,-4.475772747084466596e-03,-1.795599158296590225e-02,-1.052688924133262510e-03,-1.891936599316862725e-03,-4.848371032921851417e-04,-1.076134838175064857e-04,2.129019954287535654e+02
6.736999821599999905e+01,-4.527729830484605866e-03,-1.547178632831136547e-02,8.495237106758007917e-04,-1.647615028296088623e-03,1.886916738792498191e-04,-4.793249941098315565e-04,1.653799940745763308e+02
6.747000312800000188e+01,-4.939896631243723135e-03,-1.137970215846451083e-02,1.699864159272552327e-03,-1.502988414779019097e-03,6.494508066308883696e-04,-2.712829600926148620e-04,1.088939034048818826e+02
6.756984782199999984e+01,-5.420467627316738479e-03,-8.038676028956803776e-03,2.411765261102594149e-03,-6.639634147423545537e-04,2.682112077263655386e-04,-1.528253496978970380e-04,5.793388691857886386e+01
6.767011594699999932e+01,-4.563788069989971330e-03,-4.140136449674258756e-03,2.648107335525371614e-03,-8.943213492590402049e-04,-9.127010418351012757e-04,-1.135202066530722857e-03,5.254066654266208758e+01
6.777002191500000094e+01,-7.036175928009591463e-03,-6.452367886722321089e-04,3.903330448738542846e-04,-2.074852584030392104e-04,-3.413559722608484372e-04,-1.980274643565657546e-03,6.632390990051582946e+01
6.787002682700000378e+01,-9.018174281670121584e-03,3.180487988658775578e-04,1.279247783184805920e-04,1.781889941210823515e-04,-9.399668820934569584e-04,-4.882490601673140744e-03,3.296046404528589164e+02
6.797000574999999856e+01,-8.401019296402134628e-03,-4.708963271986554844e-04,-1.231249724835493942e-03,6.059607025560233458e-04,-1.789352935375834210e-03,-3.998320366816456202e-03,2.475814402907887484e+02
6.806987214100000472e+01,-6.688556943683976463e-03,-3.044011098383148095e-04,-7.566166571519664097e-04,1.003823489325651004e-03,-2.327297997333375480e-03,2.559578076494600763e-04,8.935837491241490227e+01
6.817001795699999889e+01,-4.485807760081339524e-03,-4.619518069748362876e-04,-5.910668246635886192e-04,9.190222153546552487e-04,-1.813946651459738893e-03,2.531044861868919638e-03,1.316432825854341218e+02
6.827000451099999623e+01,-2.317027037619046048e-03,-2.390540538108609780e-04,1.290447221858934124e-03,1.255297977802812730e-04,-1.292672492214432759e-03,1.977952093327913375e-03,6.643489716283420421e+01
6.837008476200000473e+01,-1.512007076633681280e-03,-1.919350294878885421e-03,7.046598470030959738e-04,-2.198067378126212633e-04,-1.366515069685508453e-03,1.294599302655703461e-03,4.097117560138785564e+01
6.847002434700000606e+01,-1.567738294984466485e-03,-3.390743571700660652e-03,-3.034258086068788995e-04,-3.144102082257291329e-04,2.118902722505122877e-04,1.328159565323135073e-03,2.882427808186767493e+01
6.857000684700000193e+01,-1.002719560291298606e-03,-2.137352541418113816e-03,7.377182177164681720e-04,1.579277471122742351e-04,-1.524975430732218367e-03,9.115414305686241362e-04,3.407231325091010632e+01
6.867000699000000452e+01,-3.339166751532562927e-03,-1.500660814562682077e-03,4.303069962855524122e-04,-2.851416373432639800e-04,-3.815712399700796109e-05,-1.420046008083421888e-05,7.560258713287503873e+00
6.877002334600000211e+01,-4.762662855246846405e-03,-2.414357439137759798e-04,7.738400996347427618e-04,4.484920493874234465e-04,-1.472133503071381246e-03,-2.059437553824239840e-03,7.750073992535229195e+01
6.887000536899999759e+01,-6.508889956549523959e-03,1.015822716140313275e-03,1.350589308398777999e-04,1.097044793965587511e-04,-1.139721119297269119e-03,2.148481271044516087e-03,8.033844143193624632e+01
6.896999859800000365e+01,-4.192637806200383288e-03,-1.262319824213875563e-03,-3.603793421519466134e-04,9.590247666684338418e-05,-1.348850412033852529e-03,1.525748219407589701e-03,4.974188846120955532e+01
6.907000708600000394e+01,-4.588034331169166258e-03,-4.522676564014727063e-03,-1.455170311062466137e-03,4.365733320477433821e-05,-6.897173306638454361e-04,1.285397202718419713e-03,4.032004644426793050e+01
6.916999936099999502e+01,-4.759606383421211007e-03,-4.540112422568132189e-03,-1.473184413340128396e-03,1.257489405835794747e-03,-8.549950688083699131e-04,4.979779718092312108e-04,3.923731103372213624e+01
6.927000570299999538e+01,-3.152953622540533019e-03,-5.569474651275996280e-03,-1.531124625999760736e-03,7.071913427339106143e-04,-2.092935726891339253e-04,-7.166657392943372390e-04,2.906394871132898317e+01
6.936999869299999943e+01,-6.934562148245282387e-04,-2.718133098367658818e-03,-1.417197561441360665e-03,1.648559643418866108e-03,-7.316157722428184330e-04,-2.900308452014054971e-03,1.094747178966335071e+02
6.947001528699999540e+01,4.469695023501252251e-04,-5.888449041213661417e-05,1.193690706779992894e-04,3.276231284806784927e-04,-1.091698686261354054e-03,1.099831182114225075e-03,2.002265255009044864e+01
6.956999850200000424e+01,9.547850707750660249e-04,-3.689398659103559908e-04,2.501385575882961176e-03,1.408587677831736476e-03,-1.617272776697856965e-03,1.124123285109254224e-03,4.704617212605751320e+01
6.967000818200000367e+01,-2.786443125801785214e-05,-2.622458891569756645e-03,3.432370909419557581e-03,9.395277237968771209e-05,-1.585857929130981116e-03,1.006799275531240680e-03,3.638932660326931767e+01
6.976986193599999808e+01,-6.631146057909376168e-04,-2.535126121340880445e-03,2.372307487961231032e-03,5.005741068469418253e-04,-6.023766142755300262e-04,6.502939722553669573e-04,1.463058669961641201e+01
6.987001633600000616e+01,-2.523140391811340422e-04,-2.503842727341165642e-03,1.351496442213787064e-03,4.024831192655566612e-04,-9.751760158388515136e-04,4.627031059205584753e-04,1.287008535799367870e+01
6.997001600199999416e+01,-3.994728078445808350e-04,-7.949738091106439697e-05,-1.163991474374542756e-04,6.427297318738963176e-04,-1.313224686993281045e-03,8.979395697170974692e-05,1.360979553439583434e+01
7.007002091399999699e+01,-1.376984552066362610e-03,-2.028576123043190904e-03,-2.248300336144884448e-03,-4.145393875468801631e-05,-5.859487105396130220e-04,9.133932000282876358e-04,1.646556353988553667e+01
7.017012882199999524e+01,-1.732014890847399791e-03,1.353290584780175720e-04,-5.646805908355451153e-04,1.026576088744193165e-03,-2.450506664069532410e-04,8.330959096328660520e-04,1.677058710497410488e+01
7.027001214000000573e+01,-1.093020369985375773e-03,-1.974653899424083647e-03,-2.034378911787898536e-03,2.256531631017149437e-04,-4.729427605042908485e-04,2.979274529768405214e-04,7.053875097990637499e+00
7.037003254900000115e+01,2.020682546068908181e-04,-2.872460108300778359e-04,-1.780119724214546117e-03,3.792748594366302894e-04,-2.918724616980946729e-04,-3.422303776166527582e-05,3.057482169228192603e+00
7.047000908799999763e+01,-2.094952723414866824e-04,-2.120154768639359588e-03,1.902593024557808210e-04,-5.530498736764583381e-04,-7.822214936081806329e-04,3.963761955765661058e-04,9.528501330183878792e+00
7.057000041000000579e+01,3.536305616903545612e-04,-3.047853273315137557e-03,-9.242946931269091504e-05,1.668155956371529167e-04,-2.604684318139520276e-04,5.179743732803541480e-04,7.546985444789008568e+00
7.067001104300000236e+01,6.372804883884031213e-04,-2.037280175572586671e-03,3.202381677320093045e-04,1.125613671576330000e-04,-5.027539080125441578e-04,1.281495292120630157e-04,3.956573913240405638e+00
7.077000427199999422e+01,-1.034021245491567598e-03,-2.244584521136516742e-03,-1.201507112728525395e-03,-2.246817153860818203e-04,1.723611667851918572e-04,-2.715768405789097036e-05,4.057041487964943016e+00
7.087001705100000493e+01,1.900368625946002865e-03,-1.825132600704826302e-03,-3.126076615343753584e-04,-9.429353401522110826e-05,-5.054020238874993567e-04,5.310263913673816391e-05,4.848794164941309326e+00
7.097000432000000103e+01,3.319988096118775545e-04,1.698508201029014231e-04,-5.244802542923310273e-04,5.421043679253084643e-05,-6.670349525732196822e-04,-1.021081065796728950e-04,3.037137238574183939e+00
7.107000231700000370e+01,-1.634070004318588509e-03,5.016118232505917263e-04,4.575353587800701227e-04,5.437142194873437109e-04,-1.883320789828013498e-04,-3.147904472953662867e-04,4.150554254932475651e+00
7.117000579800000537e+01,-1.453985609107921739e-03,-2.612303526392523167e-04,1.546152062657749071e-03,1.136283530331693521e-04,-3.987540504651409341e-04,4.925770937337437184e-05,3.057272414695337837e+00
7.127000164999999754e+01,-8.762336821913629947e-04,-3.021682471365139122e-03,9.943737102149907692e-04,4.701094892306786140e-04,-4.598861360099794370e-04,-8.261800997621406950e-05,7.246312237519845212e+00
7.137000465399999882e+01,-3.041070632155973286e-04,-2.341770198661663471e-03,1.695333985945512989e-03,1.339701827805154610e-04,1.017123703416649051e-04,3.315304641023385018e-04,4.830237436360834025e+00
7.147000122000000033e+01,-1.594946280425779683e-03,-3.833946048834135922e-03,-1.080628559704394087e-03,-5.500094558221451779e-04,1.795976312441288354e-04,1.862156638786079761e-04,1.013761664327553547e+01
7.156975817699999709e+01,-2.890354856986854237e-03,-3.138941782665050084e-03,-1.932682063874688327e-03,-6.673781769794272537e-04,2.680888651285086386e-04,9.345318856416749611e-04,1.922440800340802625e+01
7.167010831800000403e+01,-1.215715837595054971e-03,-6.402401441973459839e-03,-2.663767991059814988e-03,4.598573341900560928e-04,7.389899695152873970e-04,8.520183458646442840e-04,3.164033674649563466e+01
7.177001547800000480e+01,5.954864103167034628e-04,-9.061232067079316721e-03,-1.165305209372080597e-03,-4.798970602540670520e-04,1.025743305314171915e-03,1.733782527097626298e-03,7.051888346778639516e+01
7.187000870699999666e+01,2.218990224199801631e-04,-9.613927015867496095e-03,-9.368731380290512556e-04,-1.213964123979962249e-03,1.675689625765390198e-03,7.265255631920645996e-03,5.107572136262797926e+02
7.196988105699999494e+01,1.741616202264317792e-03,-8.788929264384570672e-03,2.179635181867811689e-03,-1.311462002105508043e-03,3.263009767529331199e-03,1.057627244606049524e-02,1.038131097858358544e+03
7.207000327100000447e+01,1.787737375342657309e-03,-5.197926831954191584e-03,2.606477165175050126e-03,-1.336366325320513873e-03,5.244886488952180646e-03,8.555531704216764663e-03,8.097227133865637825e+02
7.217000770500000328e+01,-1.006791850249766362e-03,4.919161879799460735e-04,5.783322082708930445e-03,1.422576169604090749e-04,6.659991557335404912e-03,7.808727076958505223e-03,7.474641279385241432e+02
7.227000498699999298e+01,-4.259288479783518433e-03,5.056934590310646627e-03,4.237162529237240016e-03,1.664670427683074324e-03,9.434626839488457692e-03,6.786131847731646100e-03,8.852246735973842533e+02
7.237002992600000084e+01,-7.025850448299619799e-03,5.680823283736202711e-03,3.512460486356283607e-03,5.707374027778684385e-04,8.974672489389988114e-03,-1.820550072667264773e-03,4.356768816356507728e+02
7.247002816200000552e+01,-8.489115624153775741e-03,4.165293883302112476e-03,2.079259649078096794e-03,1.885985899280050778e-03,8.390793176958380797e-03,-7.026502284979451070e-03,7.353717204741508340e+02
7.256985735899999668e+01,-9.499521890689366366e-03,-2.271743214071086925e-03,1.465652210559442725e-03,6.463112147644180542e-04,7.781087175925043530e-03,-6.198422499405409694e-03,5.892744032562873144e+02
7.267001199700000313e+01,-1.013474925649848757e-02,-7.338863894990055314e-03,1.586296869229231188e-03,8.412704004249220349e-04,7.064516384072484605e-03,-3.140067876091177761e-03,3.574494890717591034e+02
7.277001190199999314e+01,-1.126499124232782645e-02,-6.809942767837640076e-03,-1.415559997858056862e-03,1.190241056858634856e-03,7.326004784034047430e-03,-5.544218377545428143e-03,5.722394053120831359e+02
7.287001061399999458e+01,-1.076870535626917036e-02,-7.356617581022462105e-03,-1.055496635787508963e-03,6.043625419708783305e-04,4.792247061089105475e-03,-4.384681351987143941e-03,3.229723882945579021e+02
7.297001433299999462e+01,-1.097745094800639531e-02,-6.959002879689535348e-03,-1.876985373653203282e-03,8.962285583839443327e-04,4.804171787460338565e-03,-1.489354219731899205e-04,1.799958033561754576e+02
7.307001542999999799e+01,-9.499243156335657190e-03,-6.993057530847224257e-03,-3.777084511934480915e-03,-6.372924850963144865e-04,5.052519610031358868e-03,3.223528099639791453e-03,2.594469176647115773e+02
7.317002463299999704e+01,-7.801749847133221394e-03,-8.016398990181805573e-03,-3.501522121443528812e-03,1.238766761244663962e-03,5.998597653236382131e-03,4.085662787857573773e-03,3.259643003747825105e+02
7.327002978299999825e+01,-6.236181363251658283e-03,-9.403050546747060423e-03,-2.687506623333751898e-03,1.954618745983158472e-03,6.790977272086462860e-03,5.054925444782089675e-03,4.441683660321352818e+02
7.337003421800000069e+01,-6.885469996823823102e-03,-1.401893376778673428e-02,-4.308370487805426863e-03,2.855316908499074685e-03,8.723989241884133952e-03,4.036649743148459230e-03,5.817192022117478700e+02
7.347002077099999440e+01,-9.775456763547962780e-03,-1.424703642081581734e-02,-4.850917271415400300e-03,1.738230987516966534e-03,1.002232714559402223e-02,2.847866084114429510e-03,5.979164235959040070e+02
7.357004237099999955e+01,-1.378122361162870124e-02,-1.676360450995506568e-02,-3.110899817545809132e-03,1.854797275913513651e-03,1.050792996585347104e-02,-3.126160825270715270e-03,7.149038667182146582e+02
7.367004728300000238e+01,-1.689486907520054704e-02,-1.916164422113908472e-02,-8.579796642367298887e-04,1.590413246939852187e-03,1.035803389002964980e-02,-7.187392426326650978e-03,9.618726954871563066e+02
7.377000832500000627e+01,-2.074349661723851046e-02,-2.222265684132462837e-02,2.129073858523206075e-03,2.309449846304933128e-03,8.772943476592654291e-03,-7.304331370947638770e-03,9.237144808844748241e+02
7.387002038900000400e+01,-2.385424048653361773e-02,-2.277102515778839376e-02,2.108973081063281185e-03,8.575758653395816351e-04,9.253402544069111793e-03,-9.084861664795149117e-03,1.200008675455221237e+03
7.397009778000000324e+01,-2.759111161908545107e-02,-2.361292601227127363e-02,-5.083913882486246205e-04,1.600237578645437786e-03,7.675804592440131288e-03,-6.989590395013051301e-03,9.492471845045854479e+02
7.407009243900000683e+01,-2.533400232677451847e-02,-2.169159421835065160e-02,7.598486145866945041e-04,5.533767066795385178e-04,5.997561700328914863e-03,-5.264954005987042100e-03,6.676130465188326752e+02
7.417001438100000144e+01,-2.004477561435957789e-02,-1.916810475004027126e-02,2.592334172036137030e-03,3.489102100366024413e-04,5.058082659875042832e-03,-5.844288693871950782e-03,5.501680393258272943e+02
7.427004456500000629e+01,-1.593460488954145937e-02,-1.875205002275492916e-02,1.201736871133007867e-03,1.480228180761481403e-03,4.007803505796331787e-03,-6.355741577856383225e-03,5.215705618329824347e+02
7.436988186799999312e+01,-1.123843645380184775e-02,-1.652520531939938309e-02,8.154288949169252732e-05,2.666511359955477415e-04,3.454130662190726432e-03,-4.192013543212492858e-03,3.062973698229325805e+02
7.447003984399999865e+01,-1.030369973125067062e-02,-1.709195848731681622e-02,-2.517783417575941707e-03,1.116530415595140460e-03,3.067959296693054116e-03,-3.232672376815746377e-03,2.529450124797463104e+02
7.456985425899999598e+01,-7.617448170833318599e-03,-1.885355055886428488e-02,-4.182410011546566775e-03,1.055912319064376912e-03,2.842840844919633948e-03,-3.086667236783403184e-03,2.571141096448324674e+02
7.467001914899999804e+01,-1.035352054992544346e-02,-2.256446669078115974e-02,-2.642003351977867398e-03,8.456539011810499523e-04,2.096017393394703898e-03,-3.756361568045079018e-03,3.349245537677899165e+02
7.477001142500000697e+01,-1.578874742905944650e-02,-2.553466158902661931e-02,-1.850884155410792431e-03,7.328054305116673325e-04,1.659380637967364930e-03,-3.974430752950123408e-03,4.294060738853772818e+02
7.487002372700000308e+01,-1.958182688956688899e-02,-2.693798900152000186e-02,9.020352741768433713e-04,6.802318830019664668e-04,-5.452366974915874315e-04,-4.005106086557926222e-03,4.730614273547970470e+02
7.497002267800000652e+01,-2.062993811851687731e-02,-2.658959161233820367e-02,4.328601782242230689e-03,5.355004736371832448e-04,-5.148384149111881903e-04,-4.815194654666526031e-04,3.997732700087379385e+02
7.507001829099999668e+01,-2.018657550741043138e-02,-2.805969564513244308e-02,3.254444733195471784e-03,6.341402205619042949e-04,-9.027010551070797093e-04,-3.953112870980466406e-04,4.151493236103472100e+02
7.517001104300000236e+01,-2.031735294150527338e-02,-2.948402835140306877e-02,9.829774280391556651e-04,1.242402546086578824e-03,2.658084669390876832e-04,-5.188829203300411499e-04,4.482589148127373164e+02
7.527002096100000017e+01,-1.917923585008241005e-02,-3.071792197391953749e-02,-1.411436426132173239e-03,4.404372166153137512e-04,2.994040511018192501e-04,6.772548835853992553e-04,4.538704708541924333e+02
7.537000822999999627e+01,-1.869595824529746153e-02,-2.564140111649049203e-02,-8.646695736965193113e-04,1.123256141167298765e-03,6.721072230858013722e-04,-8.124293258851371640e-05,3.443503561169347336e+02
7.547002005500000621e+01,-1.649371888435036126e-02,-2.616978292946736673e-02,1.666405974858731209e-03,4.495002161840404254e-04,-1.017518304789413785e-03,-1.098294355330847738e-03,3.201355876530691944e+02
7.557009816100000421e+01,-1.808626310598082654e-02,-2.568833565152139897e-02,2.842825855608771546e-03,1.721880612097802200e-03,-8.955902561791847811e-04,-5.436916421206767081e-05,3.368719721663506448e+02
7.567002105699999959e+01,-1.957377081039446409e-02,-2.792619891188952153e-02,1.233775348505106173e-03,9.346629285527815979e-04,-6.979707854295132173e-04,3.405683976468024446e-04,3.775770584625424817e+02
7.577003860400000690e+01,-1.859010953908812880e-02,-2.934694543766536157e-02,5.385563547889160585e-04,9.974180657967178162e-04,-1.134122988248311738e-03,8.837738591860016656e-04,3.830553809332639048e+02
7.587002563400000099e+01,-1.442750998068920154e-02,-3.007121828493009019e-02,2.414390200678406817e-03,8.573509160919530513e-04,-3.267557609602615709e-04,-5.069629131959323002e-04,3.490763030411860086e+02
7.597002243999999394e+01,-1.247884306988078507e-02,-2.821113035925471024e-02,2.454785768441630767e-03,2.312228213296337563e-04,-4.317380475219503291e-04,8.663213185380773190e-05,2.953726096119764861e+02
7.607002282099999491e+01,-1.320389616845307756e-02,-2.701104086913819202e-02,3.712970703497520120e-03,9.537436019398371466e-05,-1.334291311724801823e-03,9.162890305094402519e-05,2.890798868809309852e+02
7.616987442900000360e+01,-1.350542858896597309e-02,-2.692937153236663050e-02,3.894680341613221408e-03,5.660097764779056491e-04,2.911166530048509395e-04,3.827243892064585967e-04,2.840386041737265828e+02
7.627002906799999948e+01,-1.443258084428444832e-02,-2.676308470975374831e-02,3.018650113192633544e-03,-1.013911799300608465e-04,-7.702836692447105095e-04,-4.666434015066418827e-04,2.787634788288592631e+02
7.637001228299999411e+01,-1.422896477201840426e-02,-2.779625535146923454e-02,1.850889126250032657e-03,8.800581414151290873e-05,2.886419471341874479e-04,-6.162085114837495938e-04,2.893140918191775768e+02
7.647002363199999309e+01,-1.609740119589009311e-02,-2.722073891105480925e-02,1.215817388031448232e-03,5.606270056059179220e-04,1.160392359536513909e-05,-2.357735134502653173e-04,2.967900769394445888e+02
7.656976246799999331e+01,-1.647943960991460344e-02,-2.707872711675385347e-02,2.622790713272815655e-04,1.019710160263263225e-03,-2.476948669708257142e-04,6.458422677134877316e-05,2.991670245105010508e+02
7.667002463299999704e+01,-1.852913442023229607e-02,-2.614723893016890344e-02,-1.636272383555903431e-03,1.567231304944556786e-04,9.733173377266768301e-04,5.292078392175612921e-04,3.123397472848017742e+02
7.677002525300000002e+01,-1.668148878703012983e-02,-2.615152856192182185e-02,-6.762863568049171104e-04,9.855086678736727727e-04,8.740398027132909769e-04,1.999314631123508843e-04,2.945132249824609971e+02
7.687004280099999676e+01,-1.947511851597916177e-02,-2.329175614252942950e-02,1.075132683954871382e-03,-2.782212057234318249e-04,-9.596178474033523881e-05,1.138693600787670348e-03,2.802174318358257210e+02
7.697001218799999833e+01,-1.795243861813045072e-02,-2.443209958761105582e-02,1.860617114019830209e-03,1.170756979661090975e-03,4.818537651548672235e-04,7.378798658413318872e-04,2.906916094221904814e+02
7.707002878199999429e+01,-1.739891827757000797e-02,-2.393433415194312630e-02,4.896421914923898555e-04,9.179594371791771753e-04,9.935633477951789829e-04,8.703340093247405838e-04,2.798142351589810914e+02
7.717001557300000059e+01,-1.700556915338014008e-02,-2.544461686036036951e-02,2.208390567266710347e-03,9.351573468301948178e-04,-8.515568790277694682e-04,3.657308086271554527e-04,2.960913756472349974e+02
7.727003621999999439e+01,-1.776381728972964424e-02,-2.711939981253230769e-02,3.951941373569745064e-04,1.069651845201175861e-04,6.360076009467292932e-04,7.073603461313017655e-04,3.276332682154397276e+02
7.737002396600000509e+01,-1.799360372945990605e-02,-2.562980041244777851e-02,-6.620565992328242277e-04,8.248360405380202216e-04,5.224058822033588508e-04,-1.539452383332800634e-04,3.108816632534019959e+02
7.747003030700000181e+01,-1.668574212415130376e-02,-2.633815569755881825e-02,-2.274792548842441420e-03,2.211832560695024211e-04,1.793722980030352642e-03,1.840877753184105349e-04,3.199163987208665390e+02
7.757001852999999869e+01,-1.703313771231318441e-02,-2.571644181493848436e-02,-2.116884070550162367e-03,5.199358148109195976e-04,2.049907725350160262e-03,1.492710641590305797e-03,3.376548617891783124e+02
7.767002439499999866e+01,-1.639884737046504171e-02,-2.481185673357444443e-02,-1.185211349957498994e-03,-7.646866612391349429e-04,1.814251674741590740e-03,2.234941443961001480e-03,3.375714833573632632e+02
7.777002096100000017e+01,-1.827567005370234199e-02,-2.220334059987738584e-02,1.379201711617650261e-04,-1.526976303275991110e-03,9.284581037815166447e-04,-7.882029172979252265e-04,2.989215726323108129e+02
7.787002873400000169e+01,-1.536575659854388931e-02,-2.286936107418036102e-02,-3.381080413785986227e-04,-6.434402679196753834e-04,1.488800204217271758e-03,-1.479165946494567568e-03,2.857990045414596239e+02
7.797014999399999624e+01,-1.435368047028884320e-02,-2.336449654959960043e-02,-1.369909635358296240e-03,-6.331251559864699502e-04,1.126445497798506416e-03,-1.950698710293443045e-03,2.902107345003705063e+02
7.807001900599999544e+01,-1.466331817681876259e-02,-2.547979104217734658e-02,-3.642589352348069021e-03,-6.694614395318171038e-05,6.966485362514343322e-04,-8.985563955114101971e-04,3.126036339233123726e+02
7.817001247400000352e+01,-1.640453411855169463e-02,-2.691977227889275071e-02,-4.649176393209913938e-03,-1.604422372698066461e-04,1.142468459327888658e-03,-8.339641865378460148e-04,3.668220888093027838e+02
7.827002286900000172e+01,-1.670825179581658659e-02,-2.543995973862411830e-02,-2.904314216145814642e-03,5.612038466255624353e-04,7.012757038070343641e-04,-4.301792277357440429e-04,3.350375925125775893e+02
7.837006974199999831e+01,-1.804907291201640618e-02,-2.332334581774020421e-02,-2.401229524043424490e-03,2.314382639896676324e-05,-1.296349911333704978e-04,-3.868732799576267227e-04,3.092485895521371049e+02
7.847001624099999617e+01,-1.773680908630481667e-02,-2.340853180787050292e-02,-1.082317025506485120e-03,4.517425531858888462e-04,1.405231981870646424e-04,-9.587641616244227730e-05,3.025030701411906193e+02
7.857001423799999884e+01,-1.966977095366306827e-02,-2.119922045719491166e-02,-1.590670674659677708e-03,7.185346349518716819e-05,-8.112397338732787186e-04,-2.484625032284874525e-05,2.897579318982790824e+02
7.867004299100000253e+01,-1.753185241693788754e-02,-2.208869010229452812e-02,-1.849774927718178530e-03,2.522793733324983333e-05,3.152162197075951064e-04,-2.602353062705410917e-04,2.780298568544648674e+02
7.877001929300000427e+01,-1.651161626622243972e-02,-2.151834853791889657e-02,-1.800167126656260219e-03,3.642990152000931945e-04,-3.422671348168584635e-04,1.439281873064131724e-04,2.523794151438084725e+02
7.887001562099999319e+01,-1.682940312305092334e-02,-2.316376603944547696e-02,-3.840879538470620691e-04,4.748978712508225759e-04,-3.062414308061138296e-04,2.534695109204924458e-05,2.829164154989835538e+02
7.897004938099999549e+01,-1.598534705145482349e-02,-2.302659620098346238e-02,3.829754185290801249e-04,7.439269490185531199e-05,4.759180551156500872e-04,3.084222049316598401e-04,2.723543418461534316e+02
7.907004213300000117e+01,-1.587989136383960442e-02,-2.468076157601029053e-02,-9.053101358794668485e-04,1.931697172041060070e-04,6.282849278098859985e-04,2.351589339268807775e-03,3.423753193319602133e+02
7.917001676499999974e+01,-1.487520096382688450e-02,-2.246856259830209979e-02,5.932104484339673078e-04,6.490550006074981542e-04,5.071897703791457962e-04,9.717294090526162756e-04,2.670785703706924323e+02
7.927001643200000558e+01,-1.458919675380254688e-02,-2.224281345852485714e-02,2.395732764389146841e-03,3.045656038673253069e-04,1.063500785961552831e-04,2.038918571241085762e-04,2.488869084878728017e+02
7.936984157499999526e+01,-1.444935066961949843e-02,-2.200747625585819378e-02,2.283869953546818765e-03,-1.670401109673600565e-04,-1.246090996842282646e-04,-4.340594973510007552e-04,2.397282011274100455e+02
7.947016191500000559e+01,-1.242706399825621588e-02,-2.304654405025097219e-02,9.093556827223236994e-04,6.642266678485867284e-05,1.553203543642533947e-03,-2.250909099492583599e-04,2.476530899530026204e+02
7.957001638399999877e+01,-1.524410940961118399e-02,-2.471686244035264934e-02,2.389396223629325355e-04,-2.461550027578108700e-04,3.197601508001342492e-04,-2.146649464132452617e-04,2.875190946137341257e+02
7.967001771900000051e+01,-1.602128508781053284e-02,-2.622919649787025520e-02,1.592676915933372017e-03,-1.279521052064881042e-04,-7.521315159292334032e-05,2.756104044137969102e-04,3.246354887730902306e+02
7.977001667000000396e+01,-1.690596235617647380e-02,-2.454770572578635068e-02,8.682943798236364419e-04,-7.038752219240648105e-04,-2.747401179273867571e-04,-4.821338125521312519e-04,3.062904088338729025e+02
7.987002682700000378e+01,-1.635538546836468043e-02,-2.477094641533472696e-02,1.081091006565004786e-03,1.011315601721080124e-03,2.591893618749921044e-04,-3.640459994664505894e-04,3.042567294452419446e+02
7.997001719399999331e+01,-1.728011406525009619e-02,-2.686820340381501637e-02,-4.945371702688994286e-04,-1.348130543218092805e-03,-2.326361567730816720e-04,9.918521883007253709e-04,3.646972425793568959e+02
8.007001805299999830e+01,-1.732491314474327027e-02,-2.439380768686305601e-02,-1.372055019440626689e-03,2.105542122906202537e-04,6.461645294967327709e-04,5.958700058767930967e-05,3.054351352129733073e+02
8.017001652700000136e+01,-1.591413099868344005e-02,-2.411990064188529459e-02,3.772550977703403863e-04,-5.002868169950958847e-04,6.171342723674643881e-04,3.124345277074713051e-04,2.830888278648602068e+02
8.027002477599999963e+01,-1.555350836307667350e-02,-2.499540482906592587e-02,2.338234040549475035e-03,1.108123291931674989e-04,-3.319246153332872963e-04,5.234147642979896297e-04,2.941985638056439143e+02
8.037001705100000493e+01,-1.326477211243215493e-02,-2.452574997007239688e-02,2.265244386807752086e-03,-2.642627116079128053e-05,1.428004925001094029e-03,4.466674644204279669e-03,4.380736045766841471e+02
8.047003006900000344e+01,-1.122320952313327069e-02,-2.257925854351139350e-02,3.049258948567445948e-03,-5.680096631617612525e-04,7.898231125569040540e-04,8.037798875517981542e-03,7.715623023671070086e+02
8.057005619999999624e+01,-8.313004845115656849e-03,-2.439450897946393582e-02,2.364999071806345166e-03,-5.260634482880411906e-05,3.175674618513900111e-03,1.114149562595114114e-02,1.236568350009411915e+03
8.067001891099999966e+01,-5.731023369722976213e-03,-2.476009905983822534e-02,1.727570720248705616e-03,-7.772861496953380460e-05,5.740206360651277373e-03,9.262238110515443046e-03,9.839095295727224766e+02
8.077001667000000396e+01,-8.867857248360699884e-03,-2.671691473371851089e-02,2.839880716685255768e-03,-1.206810365026771478e-04,7.206266662982193684e-03,1.137140852287610131e-02,1.313631128537234417e+03
8.087002468100000385e+01,-1.274990406651976826e-02,-3.002163407749858237e-02,4.122275086086146789e-03,-4.092132876997928766e-04,7.431383831583848396e-03,6.285672548036882329e-03,7.980367648414514861e+02
8.097001838699999610e+01,-1.604351044096130607e-02,-3.283410575510181673e-02,4.303138898209490915e-03,-4.786035359952151968e-04,7.507792764390749593e-03,-1.511847603433817428e-03,6.527400509890543390e+02
8.107001781399999629e+01,-1.680089778316418148e-02,-3.400178591107483328e-02,1.956981306282884470e-03,-1.642603831355459159e-04,7.169266486219544321e-03,-6.962924852886838087e-03,9.505696630786997048e+02
8.116986799199999325e+01,-1.633527945032930973e-02,-3.696765085751163582e-02,1.117542775951829714e-03,1.279539552766426926e-03,6.452094241281769969e-03,-7.243720477993756054e-03,9.469370908677710759e+02
8.127002334600000211e+01,-1.805868501332508202e-02,-3.848492790612656478e-02,-9.822446444175403357e-04,6.181706947225300720e-04,5.523140761961089877e-03,-7.074980367366570135e-03,9.621611238792070253e+02
8.137002968800000247e+01,-1.778838265786220063e-02,-3.876129124804617021e-02,-2.171264909227255124e-03,9.861350337655315392e-05,4.278072764437617324e-03,-6.115237214585900194e-03,8.023095483921644018e+02
8.147003865199999950e+01,-1.812573630747937870e-02,-3.720478546773087203e-02,-3.039401138183323026e-03,1.070620990983167913e-03,4.098825773049520615e-03,-3.938892504527571024e-03,6.848661857345466615e+02
8.156988739899999530e+01,-1.655230765192960973e-02,-3.410734727599873395e-02,-3.141064528436099401e-03,1.280864479671494412e-03,4.563082126076012032e-03,-9.318730386715581707e-05,5.467132948787498208e+02
8.167004752100000076e+01,-1.251370664616935358e-02,-3.079310572015270253e-02,-1.793195381530970911e-03,1.787481315090236073e-03,5.143433196361651104e-03,2.391361673622856114e-03,5.455719787116405541e+02
8.177008223500000383e+01,-1.058482663346360653e-02,-2.677412033609360975e-02,1.003727812797561292e-03,4.206695012433583772e-04,5.352600086401823089e-03,6.280783185520492917e-03,6.897137216299383908e+02
8.187003111799999999e+01,-8.025674697655027501e-03,-3.007284781915853245e-02,3.454622438400750672e-03,1.622203640705678629e-03,6.163064923712827797e-03,5.407266865537372659e-03,7.355232601924838036e+02
8.197003388400000290e+01,-6.337148232853806462e-03,-3.146129162796906797e-02,4.172096865845520419e-03,8.121172055144247094e-04,6.139074756787023246e-03,2.594004394472508492e-03,5.815212668886255187e+02
8.207003712600000256e+01,-4.705879958368797134e-03,-3.424981925798142868e-02,1.530787069539324419e-03,1.502050615165451781e-03,6.372130346839766264e-03,-3.438472433326920496e-03,6.764200766555871951e+02
8.217002057999999920e+01,-4.693631852945578942e-03,-3.769190181509163295e-02,2.862208281602662829e-04,-1.986142747823500105e-04,5.375476168062070896e-03,-3.422358091662699043e-03,6.702495822995406343e+02
8.227003312099999732e+01,-4.697049103352668453e-03,-4.051053332566834086e-02,-1.795099690478085819e-03,-5.373550678167155620e-04,5.447921502385513065e-03,-5.356682630473162156e-03,8.526667806314304698e+02
8.236984324399999480e+01,-5.829943102519941078e-03,-4.326434627419484258e-02,-4.362982673923626598e-03,-1.673076155047223011e-03,2.994926020284219368e-03,-5.832398377438595058e-03,8.777038208587188137e+02
8.247003126100000259e+01,-6.014068180179243939e-03,-4.259165995785352266e-02,-5.931600908971629282e-03,-2.541434660947513593e-04,2.847135379136539208e-03,-4.887155065081555394e-03,7.993204803054072727e+02
8.257002735099999313e+01,-3.191848328122581790e-03,-4.075795777004653786e-02,-6.187535447600117644e-03,-5.834844400636133698e-04,2.354702635398501793e-03,-3.264694704559011236e-03,6.642862165950931512e+02
8.267004013000000384e+01,-1.203458032700055469e-03,-3.782189661552592952e-02,-3.175525518589905616e-03,9.287194117095986471e-04,1.881579891460890760e-03,-2.345018489405339534e-03,5.457985102538438014e+02
8.277003645899999640e+01,-8.639912806307492588e-04,-3.406789554342015691e-02,-3.077947435216332739e-04,1.199496702730600039e-03,2.381571242252537336e-03,-3.127423760572931293e-03,5.077517421963323727e+02
8.287002968800000247e+01,1.019646304426302663e-03,-3.419958509927845114e-02,1.286430829076007365e-03,1.334830176521297970e-03,1.074521337794826122e-03,-1.476509950979638388e-04,4.405481309660732450e+02
8.297002410899999347e+01,1.269150666980856101e-03,-3.351335677742905972e-02,1.873551227453168488e-03,2.015511262267250230e-03,1.879152024917234761e-03,3.894043381181541003e-03,5.436281633694549100e+02
8.307005810699999415e+01,4.185309566187456198e-03,-3.607569114708564229e-02,2.088460813517378778e-03,1.395490169406351025e-03,3.143905445187050642e-03,6.057472774038396256e-03,7.785369351551180443e+02
8.317002081799999758e+01,5.662661519486356099e-03,-3.572146649112806216e-02,2.678705658231611553e-03,4.514238708806944948e-04,4.066134908575697211e-03,-3.135476782791158279e-04,5.865291705751633344e+02
8.327003455099999485e+01,9.543077898458207642e-03,-3.680162267487663286e-02,2.067545404453474678e-03,6.876918065315437397e-04,3.385505760351193490e-03,-3.066725410841703720e-03,6.556049406093098924e+02
8.337001872000000446e+01,9.421394811389482982e-03,-3.657894746107004380e-02,1.699227601434843971e-03,1.228872602712375011e-03,2.592372581284880378e-03,-3.125344758268513903e-03,6.399645184096928006e+02
8.347004771199999595e+01,6.660084992403447757e-03,-3.560776097237727811e-02,2.465207672535663086e-04,1.706540764467885359e-03,2.392103703428343376e-03,-2.884501222910936056e-03,5.823635211772783578e+02
8.357006454400000450e+01,3.490273553821587882e-03,-3.633888325683365395e-02,-2.159576943777663516e-04,6.884587208572994985e-04,1.427580464027231261e-03,-2.965150318521133244e-03,5.691596746002389864e+02
8.367003297799999473e+01,2.085554891514185272e-03,-3.703059104030259618e-02,-1.225176935390204225e-04,1.953716265265178186e-03,1.073794402821685824e-03,-1.971585924437585600e-03,5.734641719870542147e+02
8.377005720100000019e+01,2.398626204353604408e-03,-3.744570913424993819e-02,3.144295214898562563e-04,1.938591698268613862e-03,5.907987492671904102e-04,-1.121418530224268899e-03,5.624395834154673821e+02
8.387003135700000200e+01,1.513859642281012441e-03,-3.533426963985686342e-02,1.284481836630810281e-03,2.054850774455546127e-03,5.726703651744267801e-04,-1.469681326746020240e-03,5.226623822631854637e+02
8.396978425999999729e+01,2.770670587790569073e-03,-3.532880861761444891e-02,1.500528725527999763e-03,4.753359590006695813e-04,-5.477096795716729252e-05,-1.494381794794652756e-03,4.927719261088252551e+02
8.407003021200000603e+01,1.594484218139236020e-03,-3.401912583242161503e-02,4.044505404674214599e-04,8.338642707470203140e-04,-3.597958098772914169e-04,-8.509288379805320058e-04,4.506947294641866506e+02
8.417002105699999959e+01,4.475362102257740560e-03,-3.466292501501477830e-02,1.032634694968920241e-04,1.008255310708433376e-03,-9.574188670044102149e-05,-7.649087683880171837e-04,4.605613328136406039e+02
8.427003264399999694e+01,4.858789098785898375e-03,-3.495383293889897658e-02,2.321839557397953335e-03,7.605722199123258120e-04,-1.499776980672094069e-03,-7.731553928196930941e-04,4.885913506417912799e+02
8.437005782100000317e+01,5.637233411604825051e-03,-3.635678867788483259e-02,2.207775631543520967e-03,7.608626750363832979e-04,-7.766038862253589990e-04,-9.097179859020420711e-04,5.275793404578355421e+02
8.447003126100000259e+01,5.532197018368378849e-03,-3.857298265129616155e-02,1.626248249060546769e-03,1.249042266129438052e-03,-1.512868140603054919e-03,-9.364014028031715227e-05,6.155012508125664681e+02
8.457014775199999690e+01,5.195127575751357085e-03,-3.771073597865193250e-02,8.194806737962800902e-04,1.592826441677659601e-03,-2.661581127682809958e-04,-3.492436829272415081e-04,5.860756560712288774e+02
8.467003345499999512e+01,4.955190687359056767e-03,-3.611677833910142965e-02,1.915681222513232473e-04,1.356693302365773223e-03,-3.663420639729979300e-04,1.227341394964604653e-04,5.367341284955355150e+02
8.477003216699999655e+01,6.439333316071937929e-03,-3.618094440796371103e-02,3.399931278266904444e-04,1.695196790674065876e-03,-8.349395964981496309e-04,-7.332882106696231479e-04,5.636425996992891214e+02
8.487003278699999953e+01,4.138713452552345018e-03,-3.482983339610123963e-02,2.931235265081905128e-04,2.591080728050646192e-03,-2.878342889604119091e-04,5.795252519763405009e-06,5.205959123329172371e+02
8.497003054600000382e+01,4.293725509395329709e-03,-3.521306942296442699e-02,1.068789289891000638e-03,2.309701990802841623e-03,-1.014619124408414801e-03,3.888925614943773636e-04,5.504744661624564515e+02
8.507004856999999731e+01,4.134089817407371470e-03,-3.437741207166977730e-02,4.271866079955527473e-04,2.588092669474373244e-03,-2.464415516987369004e-04,-7.844953360173898731e-04,5.261979530131629872e+02
8.517002367899999626e+01,7.447900369002447007e-03,-3.129136109301811075e-02,2.039786903136692198e-03,2.813861114994166066e-03,-1.264229790694903609e-03,-3.075629455479081398e-03,5.684404854594481549e+02
8.527003335899999570e+01,7.654511518716766716e-03,-3.040850625588431555e-02,1.150014891058856459e-03,3.453819949632917340e-03,-1.923072256344217400e-03,-5.258330286116554356e-03,7.694458424213722765e+02
8.536985158900000670e+01,4.311150191577794999e-03,-3.148071718254241702e-02,1.917600483252790422e-03,3.517124478182744214e-03,-2.387262504450629510e-03,4.790209388968239804e-04,5.549344663788521075e+02
8.547003364500000089e+01,1.470357634114627388e-03,-3.123212249959461673e-02,3.669655477082783834e-04,2.359385562467096638e-03,-1.734674509797992517e-03,1.716216653331474650e-03,5.135651797415822557e+02
8.557005977599999369e+01,-3.042512564830346378e-04,-3.068466398037061893e-02,-2.065484669367748105e-03,1.375054226116454890e-03,-1.112377316048685600e-03,1.858925446542447103e-03,4.837809963484031641e+02
8.567004275300000415e+01,1.910399245138805213e-03,-3.131058928407304265e-02,-9.547398174554189154e-04,1.001727734499503752e-03,-8.487120559249281557e-04,9.306113076830071357e-04,4.664434533880471463e+02
8.577003121299999577e+01,1.003766887015089537e-03,-3.259412857979793188e-02,1.441469296954142609e-03,1.519612889005989747e-03,-3.867712308589630233e-04,8.445589276859179120e-04,5.200220688258480095e+02
8.587005853600000194e+01,6.511512832885202329e-03,-3.220609411729036253e-02,2.310021731270747725e-03,1.021045348984805185e-03,-1.884632899229773126e-03,6.459363258588219714e-04,5.400660852135289360e+02
8.597002887700000429e+01,6.886263736456399442e-03,-3.044118002212981011e-02,8.699740375280595739e-04,1.342279831837694254e-03,-6.883685231784749010e-04,2.506348697863027279e-04,4.731925315523675977e+02
8.607003712600000256e+01,7.852104995211384164e-03,-3.147835122178710421e-02,1.222619602401081584e-03,1.575659731488366928e-03,-6.149348758110189002e-04,3.145518637552861992e-04,5.154386695398898155e+02
8.617002630199999658e+01,7.372944812008341842e-03,-2.968705539282812111e-02,-5.445425342463228180e-04,1.643952074854346636e-03,-4.955525666220118039e-04,5.970272594284916842e-04,4.648533013782698049e+02
8.627007293699999479e+01,6.247441389597874206e-03,-3.146572664938429575e-02,-5.425551887938695472e-04,9.607852608149386811e-04,-9.326124303315726574e-04,-1.634030658798392161e-04,4.850955496900959929e+02
8.637002968800000247e+01,4.702020677852303265e-03,-3.267754815139634061e-02,-4.039266197700674965e-04,1.210239485324936812e-03,-8.204610353632432350e-04,4.552705418973161601e-04,5.196970743183817376e+02
8.646993875500000115e+01,1.618064738171831607e-03,-3.402519634864953346e-02,6.282251194865834387e-04,1.071793706246561804e-03,-3.595386413132256815e-04,-6.948126755148161502e-05,5.243238462304731229e+02
8.657002711299999476e+01,-1.636035016350234628e-05,-3.120708043219289074e-02,-4.907241296293884947e-04,1.138002194589485738e-03,-9.293334843345715411e-04,8.313311317225701206e-05,4.483964306298784663e+02
8.667006015699999466e+01,-1.337004847704825750e-03,-3.091184192456619684e-02,2.347582814979320975e-03,1.227288317896693768e-03,-2.072479520342677755e-04,-2.251574655614912946e-04,4.368622395193642660e+02
8.677003598199999601e+01,-2.163905203023119839e-03,-2.897140113148610752e-02,4.051963948044273733e-03,1.378959111425362991e-03,-1.952875079513713289e-04,-9.735767336209039384e-05,3.966957713870206135e+02
8.687004351599999552e+01,-3.064185519869866425e-04,-3.008510108184303533e-02,6.629411371406199183e-03,1.073165316930199589e-03,-6.431159582763687228e-04,4.099923032024981842e-04,4.477226345530165759e+02
8.697007727599999782e+01,9.188542508677954856e-04,-3.245502709682046572e-02,4.178194220672129533e-03,1.151987260668700533e-03,-8.327910434785474117e-04,5.202286204211488841e-04,4.987246753750172275e+02
8.707004094100000202e+01,2.272826781212877734e-03,-3.402822428938145904e-02,2.922535021071759331e-03,1.445955910705703628e-03,-6.039012599948336089e-04,4.965092932647463759e-04,5.461822176956640078e+02
8.717004966700000068e+01,5.117302078429197820e-03,-3.427576952833044643e-02,6.985351944013007408e-04,2.125327000540408635e-03,-8.436064959678358111e-04,5.626953576632355005e-04,5.872896424791649679e+02
8.727003478999999686e+01,4.906251736251476814e-03,-3.350267030540199364e-02,1.525297901763221498e-03,1.769250289354616645e-03,-1.814439221146068031e-04,1.315609519639931481e-03,5.610095850046556052e+02
8.737003278699999953e+01,4.067793066341529595e-03,-3.186473662124100770e-02,-1.208905867022783132e-03,1.430174790926949354e-03,5.217297222371382917e-05,4.366923701882430633e-03,7.020941128458732692e+02
8.747003340700000251e+01,4.554711947469591848e-03,-2.720876649374792677e-02,-2.358640458048760769e-04,1.225196708229500284e-04,1.385160246085763826e-03,5.565600572746157333e-03,6.922394547176240849e+02
8.757004308700000195e+01,6.003489689671681617e-03,-2.248283968225917029e-02,2.649694188061602063e-05,1.019501979234930036e-03,1.789379638559350809e-03,2.440186176461952260e-03,3.446930273103524200e+02
8.767003106999999318e+01,7.540336721753249094e-03,-2.193860538944125693e-02,1.530141641073803904e-03,6.394316181880725440e-06,1.929713154473546802e-03,-1.662975843005608158e-03,3.101634650576750118e+02
8.776984190899999305e+01,4.237330370020053749e-03,-2.721677648962228524e-02,2.526092182848341250e-03,1.986862535542215926e-04,1.304614125021701489e-03,-1.053914959229470356e-03,3.744769559239750265e+02
8.787005114500000502e+01,3.147157673351941298e-03,-3.319356951483776186e-02,1.946320767610892899e-03,-2.039258938789699851e-04,1.311450914470201849e-03,-1.739566858427710107e-03,5.499583696269190796e+02
8.797003412200000128e+01,1.182928166510777146e-03,-4.002921508726953181e-02,1.480645601044175419e-03,-5.064473546403041411e-04,6.522011193678928882e-04,-1.532208504884128826e-03,7.524959893893649223e+02
8.807004380200000071e+01,4.333569327658715054e-03,-4.378173888821168536e-02,-9.649463098538382799e-04,1.415662368181270180e-04,1.664701650220619844e-04,-1.277136609303912125e-03,8.884042204159044331e+02
8.817007136300000525e+01,4.821325308786761354e-03,-3.995198059411964042e-02,-1.374190637961174299e-03,3.502585118082150511e-04,1.444179182395317841e-04,-5.927714324393472097e-04,7.368409711090203018e+02
8.827011489800000277e+01,3.124964099603388945e-03,-3.583873703663320587e-02,-2.682340179053790963e-03,-1.319112586475723350e-05,5.138504849144764333e-05,-5.862923159297059837e-04,5.840289665186990078e+02
8.837003326399999992e+01,1.680814149410458924e-03,-2.987816510846308393e-02,-1.176585703787667858e-03,4.485405130992352308e-04,-1.017065834406246483e-04,-6.736691740698900165e-04,4.058151422454191675e+02
8.847003006900000344e+01,8.266024451151210428e-04,-2.688736150846415818e-02,-7.357339471502008510e-04,-7.127969076357382932e-04,-5.158890213455322822e-04,-7.972633816928945084e-04,3.378091322165061001e+02
8.856989598200000557e+01,2.018830105170899003e-03,-2.592655249645170468e-02,-3.700255179379871584e-04,9.770094010416218236e-04,-6.703616880274579923e-04,-4.450597187026039767e-04,3.193509386917113488e+02
8.867003106999999318e+01,4.556116154901701520e-03,-2.347403839484285548e-02,-1.151252632512630991e-03,-3.879438601594310636e-04,-5.454763121424638199e-04,1.233463926377645348e-03,2.704425379548596311e+02
8.877005052500000204e+01,8.665754867498876024e-03,-2.358786948593821764e-02,-1.137328489753355876e-03,3.956658541436401894e-05,4.735616193857761767e-04,4.299701144741452721e-03,5.224736329046000947e+02
8.887004113199999722e+01,9.115443148230539805e-03,-2.359516659255461724e-02,4.831253348148226157e-04,7.791531940249973344e-04,1.725408928153752963e-03,6.319668976462595317e-03,8.940044960511536374e+02
8.897006464000000392e+01,1.113972927916329070e-02,-2.637701137087294923e-02,1.288419589244742258e-03,3.980755844486695951e-04,3.098541442885180148e-03,6.466350048474830102e-03,1.152993415991719075e+03
8.907003879500000210e+01,1.186490930115091658e-02,-3.064946557136682959e-02,3.538908125385653580e-03,1.395484107345654722e-03,4.251380292370932068e-03,6.069912568398535060e-03,1.338087574081074763e+03
8.917003393100000608e+01,1.352688029917903378e-02,-2.966744931385506545e-02,2.537945386234377598e-03,1.438006528791773147e-04,4.821253209253372612e-03,-7.105099879501214615e-04,8.594999946864850244e+02
8.926990508999999463e+01,1.511365941514153377e-02,-3.010442412570740744e-02,-1.990600910765222276e-05,1.809646333808847792e-03,5.028474338769675298e-03,-5.640058294547584984e-03,1.441020334432051186e+03
8.937012934700000244e+01,1.420602905948697980e-02,-3.310024893460633555e-02,-7.608193919535766181e-04,1.358727414487985279e-03,4.020035128969708105e-03,-6.408106951610268234e-03,1.468676146585938795e+03
8.947004175200000020e+01,1.190185285878442301e-02,-3.673295783711136298e-02,-2.513243893566538545e-03,3.840266940098010563e-04,2.607697978633341431e-03,-7.757015197928420966e-03,1.759371764778394663e+03
8.956989788999999291e+01,7.681246528405516472e-03,-3.723821448585343252e-02,-1.142543288725025863e-03,2.564506858427630879e-04,1.960713116141076136e-03,-4.261348177582556171e-03,1.011528790550141139e+03
8.967004942900000231e+01,5.734954747262932528e-03,-3.447920276353672042e-02,-1.950358925279414846e-03,1.121759135152962340e-03,1.925929522844701397e-03,-3.385622266468055869e-04,6.425265752263763943e+02
8.977004194200000597e+01,4.671899840014148708e-04,-2.830510608965527974e-02,-9.980749943474670483e-04,4.909856272589636179e-04,2.496433207964579310e-03,2.625555910945747990e-03,5.659121527272443473e+02
8.987004566199999545e+01,-1.253206545741569755e-03,-2.508979774065864254e-02,1.561016876572694778e-03,1.909686265349075027e-03,1.793174450419493613e-03,6.451408710850684361e-03,1.010831651490457489e+03
8.997003054600000382e+01,2.726369883610857414e-03,-2.253293145244313067e-02,3.075262690617565353e-03,7.766083771801870692e-04,4.643080104340385240e-03,6.646967551447474643e-03,1.185119604287788434e+03
9.007002949699999306e+01,6.500971259121968160e-03,-2.170039843214908309e-02,2.475831618386298283e-03,3.897697845555090886e-04,5.883380009753268192e-03,3.944142043741308626e-03,8.330537782949393204e+02
9.017005038199999944e+01,1.449143689844589744e-02,-2.067714724101388235e-02,1.658582188166037030e-03,6.129336484063906132e-04,6.539330124123670859e-03,-9.185252641951731226e-04,7.773943757171657580e+02
9.027005219400000158e+01,1.773689981442139185e-02,-2.126944691860067557e-02,-9.310578389842283364e-04,3.120042533489043586e-04,6.120852388235895232e-03,-5.158370411776685462e-03,1.155693181270705509e+03
9.037005710600000441e+01,1.719991414751653735e-02,-2.457641214177431338e-02,-1.396290069540243040e-03,7.120964989447846382e-04,5.711957030291889802e-03,-4.212023915641530114e-03,1.010808517057086647e+03
9.047004318199999773e+01,1.795289531566535146e-02,-2.750157215207174252e-02,-1.319807203403744467e-05,3.849885368407041141e-04,4.362858580665186781e-03,-5.158299501995842334e-03,1.079083389567027780e+03
9.056991148000000180e+01,1.882662161389792033e-02,-2.946482411789586378e-02,2.376924226571500154e-04,4.638323277032814626e-04,2.920471431346070845e-03,-4.739089327188903723e-03,1.001487106422748639e+03
9.067004227600000377e+01,1.766138564647867781e-02,-3.097478002460323995e-02,-3.235095941888428694e-03,-3.559080599663308323e-04,2.302975223653741434e-03,-3.452976199438273150e-03,8.378865724623715323e+02
9.077003288199999531e+01,1.540175142903787986e-02,-2.892323411149338996e-02,-2.557328572094411112e-03,2.030437326963766345e-04,1.063608640853992444e-03,-2.427083585314992239e-03,6.110260089202824929e+02
9.087004136999999560e+01,9.425885464015237858e-03,-2.753095199890743389e-02,-1.442960321486143338e-03,9.777990534699278202e-04,1.066211638207924077e-03,9.225712418222997745e-04,4.207621627774057060e+02
9.097003626800000120e+01,5.247624152822538690e-03,-2.630285255819830859e-02,1.831602829077599859e-03,-4.178043041508002213e-04,1.306082098058327376e-03,2.654273724696880592e-03,4.325532007828770702e+02
9.107004356400000233e+01,8.907005635852449643e-03,-2.332219693859170773e-02,8.632284153811398131e-04,6.483599545708711772e-04,1.672313039857784966e-03,2.563000669861795113e-04,3.124677577399432380e+02
9.117003345499999512e+01,1.197463202828608075e-02,-2.130202848028556195e-02,-5.914567166598744263e-04,2.573150966551019845e-04,2.299997971171590435e-03,-2.000947179045881302e-03,3.802833799848345393e+02
9.127004241900000636e+01,1.518625895226310973e-02,-1.821945509036083932e-02,-2.488963959516941882e-03,1.087750137240176240e-04,1.445245304663535235e-03,-2.963859199253905154e-03,4.227274058825431666e+02
9.136991786900000534e+01,1.561154234627615267e-02,-1.696910448721945797e-02,-2.680330753176342340e-03,-1.977807343989051062e-05,9.943492619264486868e-04,-1.825340037492806551e-03,3.269869315675510961e+02
9.147004485099999727e+01,1.709180010656830007e-02,-1.731860349407607358e-02,-1.685979114760156883e-03,3.506891644534770977e-04,6.930053736805329243e-04,-2.692105270874099385e-03,4.099107690336334144e+02
9.157005810699999415e+01,1.716588022141429803e-02,-1.945448925496399972e-02,-1.695389135678036785e-03,5.285976208753113899e-05,3.313705398562518723e-04,-1.605366901594578941e-03,3.758253199951788588e+02
9.167004275300000415e+01,1.795115149201453875e-02,-2.253640806042342404e-02,-8.950562654139807006e-04,1.456432516108994480e-04,-1.442384589221969399e-04,-1.469455561113790784e-03,4.339389312275084762e+02
9.177013897899999506e+01,1.729606507119019199e-02,-2.248215556117791336e-02,-5.260800096839254869e-04,4.416502694176124345e-04,-5.353856233326957734e-04,-6.568036465376320999e-04,3.982191961263009716e+02
9.187004446999999629e+01,1.648809308529131101e-02,-2.111032472124083070e-02,2.766622353991485261e-04,-4.397639552847719922e-05,-7.753239829195798924e-04,-1.022612622942657310e-03,3.649938837023536280e+02
9.197005581800000584e+01,1.493964865814589871e-02,-1.856884083150316112e-02,-6.744003923660271682e-04,6.393589287458766458e-05,-9.315725557054304337e-04,-5.043165280806902748e-04,2.865672501287472187e+02
9.207004284799999994e+01,1.410673988861343986e-02,-1.788167938135747093e-02,-3.344005191255397524e-04,2.043475085642931495e-04,-9.839323021403800957e-05,-3.818140176206370057e-04,2.543555496601989034e+02
9.217003512399999465e+01,1.355385356751881432e-02,-1.900131325366830048e-02,1.358870517582058679e-03,2.888441446023239990e-04,-1.361444289707247840e-03,-7.122467104396670943e-04,2.907155712028279027e+02
9.227006435399999873e+01,1.232036735884367573e-02,-1.732836908468182724e-02,9.913081877066728942e-04,4.086163686332402447e-04,-7.811101923941315582e-04,-4.370194025241071157e-04,2.324986381371667790e+02
9.237004113199999722e+01,1.407255319618894163e-02,-1.804115491080901523e-02,2.747672043344306925e-03,4.562794088226189058e-04,-1.183124758899887184e-03,5.984820218677451434e-04,2.855108505146650941e+02
9.247004771199999595e+01,1.766419477774761049e-02,-1.586658402308951943e-02,-2.135740860151127962e-04,9.588271507165603666e-05,-1.115322425034418006e-03,6.214142722233557655e-04,3.087426848853265824e+02
9.257005596099999423e+01,1.681653489564016724e-02,-1.441093285937039559e-02,-1.048468933329535502e-03,2.633897908474416741e-04,-6.721159034082818153e-04,4.277399440649956716e-04,2.666149101346802013e+02
9.267004656800000362e+01,1.555019713315353158e-02,-1.621089777222964323e-02,-4.953038687497482440e-04,3.804108748515366714e-04,-7.822468084755718675e-04,2.975290371862627871e-05,2.691130814217465854e+02
9.277003669699999477e+01,1.253594635764443410e-02,-1.772318569388792175e-02,1.247671888495560655e-03,4.729855475024695346e-05,-6.620056843243730081e-04,3.292891337822005117e-04,2.428042593626275334e+02
9.286992645200000140e+01,1.277863324043870819e-02,-1.745090261066983839e-02,-9.470262304779944462e-04,1.038103699083337515e-04,-9.723314113670866602e-04,1.336969417342056881e-04,2.472121047069587974e+02
9.297003579100000081e+01,1.337266466715991697e-02,-1.751238809139249453e-02,-9.243291587812257903e-04,4.562701692478828464e-04,-1.126077089408093626e-03,3.543915242080361528e-04,2.630516865839763909e+02
9.307004761700000017e+01,1.454254474177929524e-02,-1.735786684307018268e-02,4.089574713213306456e-06,2.654518579405801683e-04,-1.479585093804236572e-03,-2.243003894654139433e-04,2.828835746270517006e+02
9.317016029299999502e+01,1.577999346531999691e-02,-1.792321810612443334e-02,-3.617136492640310452e-04,1.454256565707802451e-04,-9.097167096124580705e-04,-1.297575495152792117e-04,2.948094671215538938e+02
9.327005672399999980e+01,1.472461135607794347e-02,-1.868044997347025060e-02,9.049792414059926182e-05,-9.736867877492978414e-05,-1.518276028564264930e-03,2.776501933597162589e-04,2.984983252405833696e+02
9.337017536099999404e+01,1.726371839618145998e-02,-1.921094729148545288e-02,7.337896936287502392e-04,1.412879551469437738e-03,-3.162735198570343180e-04,6.496253490707872783e-04,3.671137699823592584e+02
9.347004723499999557e+01,1.505334699241966945e-02,-1.972376502856430791e-02,3.202001859261026373e-03,5.273478514319407439e-04,-8.601220161971290896e-04,1.112460154056417591e-03,3.263434403556054804e+02
9.357016682600000479e+01,1.552037337411604767e-02,-1.826312641869051734e-02,3.647807436367073858e-03,2.605796075537922013e-04,-1.812630285584450373e-03,7.274341948916359258e-04,3.197985389568813730e+02
9.367007398600000556e+01,1.484397898148248629e-02,-1.622975294218925724e-02,3.305457628638017870e-03,1.055587556132140423e-04,-9.193606815566032894e-04,2.204402888143902010e-03,3.104994093582522510e+02
9.377003931999999509e+01,1.330655539826608447e-02,-1.520912426373763338e-02,2.155290652322075506e-04,-1.490441846770395890e-04,-3.667916910175760513e-04,3.867178669337170954e-03,3.904150666697593692e+02
9.387004446999999629e+01,1.420673550084661230e-02,-1.529258264681504498e-02,-8.575938440344571534e-04,-6.631783223437006400e-05,7.454752012996737620e-04,3.025872932676117958e-03,3.366474622178346294e+02
9.396987152100000174e+01,1.542266993116481189e-02,-1.268759657143839203e-02,-5.291894430562091300e-04,-4.300945004314085033e-04,1.235501679113221781e-03,-1.814753381774919950e-03,2.565385375963529100e+02
9.407004380200000071e+01,1.577548538145645551e-02,-1.270024050164364482e-02,-2.448944171391798097e-03,-3.855895387140529648e-05,1.298661621067160156e-03,-3.074340951021237514e-03,3.425896518645015476e+02
9.417007017100000610e+01,1.574145963237238988e-02,-1.397304518115655148e-02,-2.301401646133141576e-03,1.180058262872628745e-04,4.877099378069056613e-04,-2.056589224683526718e-03,2.815997969954220252e+02
9.427004981000000328e+01,1.433348544372758937e-02,-1.621577560518205896e-02,-7.088062486828652919e-04,9.799827039505680949e-04,3.792701481567643828e-04,-1.602370977138130054e-03,2.711144468601430617e+02
9.437004351599999552e+01,1.509991979266089857e-02,-1.674704525158129953e-02,1.641487357728378671e-03,5.225666846031306115e-04,-3.014228168068397505e-04,-5.878849049106704824e-04,2.540992426412757368e+02
9.447005248000000677e+01,1.413662068462073762e-02,-1.697163558476669221e-02,1.221691035263622327e-03,5.783397800002225940e-04,6.307571583406306110e-05,-1.533932217541249504e-04,2.384303841200224099e+02
9.456986498800000618e+01,1.321115103784809008e-02,-1.851207833589171847e-02,2.657904779934432138e-03,7.566317186636899866e-04,-3.052291975426986307e-04,2.618681859689340422e-03,3.439640251244780984e+02
9.467003893800000469e+01,1.149933863425633973e-02,-2.043186462152685179e-02,3.634275271554514297e-03,-7.260059717177786689e-04,-2.249733042059132832e-04,6.337227330521692445e-03,8.424740670948955312e+02
9.477004981000000328e+01,9.888600992471019424e-03,-1.726818658498099901e-02,1.107225812362465367e-03,1.225727325834229521e-04,2.397252964109089328e-03,2.442435871020124695e-03,3.103609995860639401e+02
9.487004160899999761e+01,9.629461729836030770e-03,-1.345693703028449928e-02,-5.728225081481283509e-04,-9.088048712790762658e-04,2.044064420769078818e-03,-2.109522417916203773e-03,2.297585665798658852e+02
9.496989512400000422e+01,1.049780715808168452e-02,-1.278214367080422742e-02,-6.346010640407365178e-04,-7.203585728736617471e-04,1.363803551772203252e-03,-2.719111287686204904e-03,2.567761052573257530e+02
9.507005619999999624e+01,1.345279335666571541e-02,-1.133015508282317341e-02,6.832954564935656006e-04,-9.673733766723475514e-05,7.400145811817076787e-04,-2.375669857238266441e-03,2.350901739233814851e+02
9.517005443499999728e+01,1.270739030665879454e-02,-1.229351509359916106e-02,7.249452285539026430e-04,-4.262164337043089436e-04,1.188450386579691619e-03,-2.227401631878821783e-03,2.403445375763093068e+02
9.527007055299999649e+01,1.530849148758672840e-02,-1.148936651161179545e-02,3.159942886426098108e-04,-2.294569278970739622e-04,3.065361491136787552e-04,-2.611636641967594614e-03,2.947409630991151062e+02
9.536989188200000456e+01,1.743816043195334231e-02,-1.258106338953808578e-02,1.263754649077887537e-03,-1.172900639145120396e-04,-1.193682078771669472e-03,-2.838770347054137607e-03,3.740712311231536091e+02
9.547004604299999642e+01,1.800642283075237771e-02,-1.505094585784798322e-02,2.030702288078674311e-03,4.585414501555801019e-04,-1.585505502864653204e-03,2.665007867318574760e-04,3.212855212410304944e+02
9.557004213300000117e+01,1.631521787173628724e-02,-1.396266091467352616e-02,6.788781860952997071e-04,1.035788280877328717e-03,-1.212623842355499935e-03,9.396824502045396160e-04,2.877236342603675325e+02
9.566993641800000603e+01,1.531419743597250971e-02,-1.507689823630442919e-02,1.643360369540852739e-03,4.372277569176289368e-04,-1.531577529560565866e-03,6.442701639881536326e-04,2.763646662851622864e+02
9.577006435399999873e+01,1.300820552353343373e-02,-1.499106728328357049e-02,3.003924112372557270e-03,6.529407023070596958e-04,-1.618294079907185625e-03,5.962701821916348071e-04,2.464451516411028251e+02
9.587004494599999305e+01,1.143327483212441820e-02,-1.320616985800692963e-02,5.986556259117356560e-04,3.561295096975508807e-04,-1.679856110385537921e-03,6.695811043599013748e-05,1.880846049289965549e+02
9.597016763700000297e+01,1.465033491295475443e-02,-1.028008197989759356e-02,-4.436787019536959920e-04,8.488143084091155557e-04,-2.190027598479541739e-03,4.666541378133417335e-04,2.392438194882525693e+02
9.607005286199999716e+01,1.487522766498106108e-02,-1.000403511555950781e-02,-1.974507464685432839e-03,1.292602430008622360e-03,-1.647417973954193315e-03,9.453052668924066294e-04,2.491488531863074627e+02
9.617004442200000369e+01,1.418223360523906962e-02,-9.494282498393583070e-03,-4.075452835230034682e-03,7.410591281709110259e-04,-1.389597629496961946e-03,1.167682105187796995e-04,2.041905278577687000e+02
9.627004313400000513e+01,1.350870882932397876e-02,-9.183107503219045675e-03,-4.358665778302586724e-03,5.854335706185321382e-04,-1.054418290969324481e-03,-4.867947126780922422e-04,1.857854428779055809e+02
9.637006187400000101e+01,1.179826121832583397e-02,-8.244046337443633465e-03,-2.824039078809806314e-03,6.712573942385099751e-04,-1.759239205348561838e-03,-5.601816500033211799e-03,6.031622658668029544e+02
9.647004461299999889e+01,9.653414672070148583e-03,-9.899025465928690259e-03,5.068025780825685667e-04,1.404895714803725514e-03,-3.074400631115543642e-03,-9.144434459458639433e-03,1.456721941622799932e+03
9.657006311400000698e+01,8.951575274172896002e-03,-1.491785939564743702e-02,1.060060511534170746e-03,2.730435921928548500e-03,-4.858033996204829882e-03,-8.448583916492368937e-03,1.542050693740767201e+03
9.667004513700000246e+01,8.704643552349899949e-03,-1.933243500381603974e-02,2.333830285481078293e-03,2.702282684347402392e-03,-6.521875781775393448e-03,-5.782021715518971365e-03,1.183333507438939705e+03
9.677005410200000313e+01,8.141314068748073396e-03,-2.309268120246138478e-02,2.071286791225486479e-03,3.465643591688802143e-03,-7.184064045831818797e-03,5.004596093089280469e-04,8.995959223384033976e+02
9.687004399299999591e+01,1.087806078118003228e-02,-2.744693367348283175e-02,3.590276587403091330e-03,3.544958333451868511e-03,-7.717350964476971803e-03,6.614220282299688482e-03,1.723018685259813083e+03
9.697015118599999539e+01,1.144634756390150443e-02,-2.524889613015213197e-02,2.442071888961165615e-03,2.730147299010192083e-03,-6.416015632889474941e-03,6.315503592352566392e-03,1.339860572211727685e+03
9.707004737799999816e+01,1.299999282359198816e-02,-1.785271176835498408e-02,-2.185210014722278882e-04,2.227618943176480713e-03,-5.278153394192609815e-03,4.745911282881672306e-03,8.212535976314040909e+02
9.717004418300000168e+01,1.292045640611316770e-02,-1.118022933844492472e-02,-7.875855312469773328e-04,1.887909192106466917e-03,-5.257941870305088763e-03,3.587637637368971261e-03,5.799083383748063625e+02
9.727004838000000575e+01,1.515609869201206550e-02,-8.510167925012468437e-03,-1.540997578783752375e-03,1.219863098076437880e-03,-4.234391060804944956e-03,2.892291902990955840e-03,4.381791458865798177e+02
9.737005949000000271e+01,1.588073399928813245e-02,-1.088358440657230530e-02,-3.694679016605119382e-04,1.208065798088962675e-03,-3.896523723661342049e-03,2.252531379794138738e-03,4.099791574805922210e+02
9.747005820200000414e+01,1.558682915978160111e-02,-8.717010322863608107e-03,-4.570999617253997116e-04,1.226274288991523491e-03,-3.352528960635292252e-03,1.914892012873879333e-03,3.363674776180235426e+02
9.757006788200000358e+01,1.656056192760679835e-02,-1.064128489471127814e-02,-2.414692918269525923e-05,1.092895516993109108e-03,-2.466640930344865795e-03,1.428487248288955137e-03,3.004868143083519385e+02
9.767004394500000330e+01,1.528919328059963334e-02,-1.283062241025553774e-02,-1.227453783215703975e-03,4.384771145249439410e-04,-1.752527668275825120e-03,5.622560678009980162e-04,2.372482097455443011e+02
9.777006435399999873e+01,1.493794105481915935e-02,-1.471973201246365437e-02,-2.578052513917589855e-03,1.244021899738464174e-03,-1.374103817357083491e-03,6.907895713724699835e-04,2.662688202911513713e+02
9.787005567500000325e+01,1.390009798113700512e-02,-1.594950238893183547e-02,-2.632634411497924293e-03,1.807104311062317529e-03,-9.930591365584938088e-04,1.581904418959800146e-04,2.749920567285025186e+02
9.797004723499999557e+01,1.239773608041350172e-02,-1.996249908648382518e-02,-2.029451167152907659e-03,6.004452815289038287e-04,-1.338979875962678819e-03,8.510889525885323133e-04,2.893612354349028806e+02
9.807005572299999585e+01,1.578395165944401768e-02,-2.320443611605942091e-02,-2.682628885690919313e-03,1.221819728501564051e-03,-5.857179421711813808e-04,2.696091779113633704e-03,4.901706552929804843e+02
9.817005395900000053e+01,1.864555673879353392e-02,-2.479327550552391096e-02,-5.160921035223704767e-04,6.551392454601608810e-04,-1.720363106240993360e-04,8.075048126944156177e-03,1.154736278013453330e+03
9.827004647200000420e+01,1.799921662922887577e-02,-2.252984535843335911e-02,1.241225999904435606e-04,1.757474920583139205e-03,6.824516357555358240e-04,5.480854749295712564e-03,7.990488275779458718e+02
9.837005710600000441e+01,1.606473794146046075e-02,-1.856746584000390499e-02,7.039789115771445671e-04,9.172721943292666633e-04,1.957227260632693564e-03,-2.143253453840590725e-04,3.413464675589664807e+02
9.847005462600000669e+01,1.054784293088406599e-02,-1.519224563220038238e-02,2.038831773620582155e-03,8.017954436608045767e-05,1.284251565523206748e-03,-1.027632694582137360e-03,1.899787203575052672e+02
9.857007575000000088e+01,6.791917032562988510e-03,-1.533302376233361408e-02,2.139364589200949684e-03,9.955129886180260311e-04,1.402280729710604114e-03,-1.715194044294007444e-03,1.903416344785414367e+02
9.867009615899999631e+01,5.970766181741193890e-03,-1.718139243739860711e-02,2.371946725302047365e-03,6.029601982043324366e-04,6.413066737969211600e-04,-2.217943036756467225e-03,2.147820999149319903e+02
9.877004384999999331e+01,8.888022543699136691e-03,-1.828260901244538328e-02,3.053441086117852921e-03,5.181504578147961551e-04,8.238666229813075212e-04,-1.202201799891670876e-03,2.176636624947033454e+02
9.887014555899999380e+01,1.508779794016756881e-02,-2.015245570932586161e-02,4.386777474683210831e-03,-1.186955691504502539e-04,-3.172457637292700004e-04,-1.563993172819524600e-03,3.401449181968187645e+02
9.897017359699999872e+01,2.030128250241025611e-02,-2.047905581637565753e-02,2.769798403047633861e-03,8.914132339700886086e-04,-1.748565578235468018e-04,-6.824117158652607965e-04,4.302716765257091538e+02
9.907005953799999531e+01,2.347669846487709933e-02,-2.046209073064816919e-02,-5.059177747517122625e-04,1.598260842396430229e-04,-7.685223377728798684e-04,-6.780806275350188079e-04,5.070695291264626121e+02
9.917017078400000685e+01,2.049712038023487892e-02,-1.807339813810265872e-02,-3.616810223157806287e-03,3.293572687549996573e-04,-1.949868879357811286e-04,-4.465858440565434570e-04,3.980200206744474372e+02
9.927005886999999973e+01,1.644477809757649567e-02,-1.434794317204600433e-02,-3.899390468577602908e-03,2.908366339323571748e-04,-2.891635164201793477e-04,-3.625504854471606089e-04,2.625442348875848211e+02
9.937004566199999545e+01,1.386373136207685874e-02,-1.368814939704245115e-02,-2.958109459300434924e-03,7.922330922954539832e-04,-5.946599368306516691e-04,-6.297051576768520871e-04,2.184297759403701775e+02
9.947010159500000270e+01,1.119041122544661704e-02,-1.456832238433397597e-02,-1.699513579851222311e-03,3.175651552463536003e-04,-3.350725643377858729e-04,1.976455388441052119e-03,2.216749350104579719e+02
9.957006454400000450e+01,8.873602492282639531e-03,-1.482205076220313722e-02,3.263732007577242744e-04,-5.371609401902672880e-04,4.978405968620733734e-04,2.467482080310204242e-03,2.183569520639387065e+02
9.967005562800000007e+01,8.035923342353701315e-03,-1.467714109504295039e-02,-7.333558799939750295e-04,3.248732486431899044e-04,1.043284691415140644e-03,-1.109761715828667055e-04,1.471652848405644249e+02
9.977004599500000381e+01,6.879817023937917497e-03,-1.379402382327088450e-02,4.580462917569416703e-05,4.354565127028029283e-04,7.832241664589857091e-04,-1.032798073493704097e-03,1.335658367571206213e+02
9.987013029999999958e+01,6.012167946491508985e-03,-1.428050048449716614e-02,1.120150561991852672e-03,2.634216210641126383e-04,5.970583961829390232e-04,-1.245055633050809593e-03,1.348634659383671703e+02
9.997004556599999603e+01,8.403101225392894946e-03,-1.392014595831517210e-02,3.778302959789599236e-03,7.632541457556755353e-04,8.470081304988785818e-05,-8.072935965343294717e-04,1.507640546397405217e+02
1.000700557229999959e+02,1.366166742862873207e-02,-1.611389641838248399e-02,5.410667043808218418e-03,2.395743484506423029e-04,-3.946472479890585734e-04,-8.840127289396087530e-04,2.491958340320830700e+02
1.001700515739999986e+02,1.636503936760469458e-02,-1.733950737176931378e-02,3.156602171924167283e-03,7.520483765581809652e-04,-8.641906201406627033e-04,3.902865892906595062e-04,3.049603298379431635e+02
1.002700688839999970e+02,1.746991565965139159e-02,-1.886126711804750333e-02,6.509162248231146336e-04,1.527259416032956453e-04,-7.124075704064336458e-04,4.698775813475546993e-03,5.595962338202389219e+02
1.003700520990000058e+02,1.662238734757481851e-02,-1.746748845315007626e-02,9.050722899001800714e-05,7.016684265649152444e-04,1.332562822366298660e-05,6.891748888201382726e-03,7.834701578876519079e+02
1.004700579640000058e+02,1.562920278035306865e-02,-1.492672445098211509e-02,-9.183305254892807495e-04,-2.853014338991696980e-04,1.844514440295224331e-03,5.741949245355005942e-03,6.181456436501932785e+02
1.005699005120000038e+02,1.529861832018308831e-02,-1.216229411132513372e-02,-2.641743689575691903e-03,4.768407650334520291e-04,2.984946892467574709e-03,4.087708357763647493e-03,4.724666747873116606e+02
1.006700558659999984e+02,1.188970512841613925e-02,-7.657487792446238117e-03,-4.328583277387181363e-03,-3.411219478129763269e-04,2.910929795229924913e-03,-2.057388205764466502e-03,2.237921246111899620e+02
1.007700533860000007e+02,9.846026212275926781e-03,-8.396157383512181660e-03,-3.844905226350786229e-03,5.815357309309196802e-05,2.696100113602463259e-03,-3.641205200499238528e-03,2.844930402139246439e+02
1.008700659269999989e+02,8.417978692484506809e-03,-1.021192377144011787e-02,-2.388511625082986520e-03,-3.344918715066318008e-04,1.914675351361036417e-03,-3.644457330570575939e-03,2.584604011347900041e+02
1.009700796599999961e+02,9.268860983127957809e-03,-1.358489400505744071e-02,-1.472987730675681672e-03,-6.539155689536212254e-04,7.056392066028351930e-04,-2.698988745553950862e-03,2.196655544453685991e+02
1.010700633520000054e+02,8.116634776416997710e-03,-1.469205958967865350e-02,-1.571449237249241890e-03,-7.137069413931115087e-04,9.727347152900373255e-04,-2.963412043727138567e-03,2.496042185875778898e+02
1.011700518130000006e+02,1.042951465790920018e-02,-1.613728753042032935e-02,-1.203229741334552877e-04,-4.759160602052041594e-04,1.527546140918874837e-04,-1.951038945825315412e-03,2.301837420574149746e+02
1.012700574400000022e+02,1.311525510757172164e-02,-1.461360212354011548e-02,5.045822425649246906e-04,-2.427735205267406626e-04,4.145391304597533617e-04,-1.566125348955352270e-03,2.294975360257306818e+02
1.013702049249999959e+02,1.356798052755103789e-02,-1.323575379157744536e-02,2.454925503864727881e-03,-3.039259173088599219e-04,-4.568910115999656307e-04,-7.601475427516204194e-04,1.998496632491811340e+02
1.014700579640000058e+02,1.669536875742183568e-02,-1.136096268419224675e-02,2.394514153477840177e-03,2.136015411688824963e-04,-5.667527625558764189e-04,-1.023056635923525913e-03,2.339546663558875537e+02
1.015698728560000035e+02,1.374390761578014875e-02,-1.022971064807458308e-02,1.578553111307272327e-05,-1.684968599935202386e-04,-6.325555408467058854e-04,-6.997449643674662819e-04,1.643002620304059178e+02
1.016700601569999947e+02,1.321718870613541874e-02,-1.122776737534475489e-02,1.526998273050396426e-04,3.360025723266998800e-04,-4.612528653353484558e-04,-7.560952334343446933e-04,1.689586247171842217e+02
1.017700495720000049e+02,1.213731193464662184e-02,-1.147427557043112500e-02,-9.873558739713836352e-04,-2.509422726891972154e-05,-2.466158782296563661e-04,3.314504541285715053e-04,1.512856556075479375e+02
1.018700621130000030e+02,1.087629590451300032e-02,-1.273253748632191540e-02,-4.622164914983521028e-04,-2.981924758705811339e-04,-4.525585261297214272e-04,-4.411201380685690339e-04,1.575180778711125527e+02
1.019700505729999946e+02,9.220021108178322322e-03,-1.291522244429418875e-02,1.023478592236167634e-04,3.705353915670201435e-04,-8.679754930394947528e-04,-6.633824808956461250e-05,1.480988470475523400e+02
1.020700616830000058e+02,8.584997037526465036e-03,-1.318086890495268060e-02,5.539574140544789582e-03,1.475638158833032050e-03,-8.110068714605611238e-04,4.686442798125287357e-06,1.914108986766510441e+02
1.021700484750000015e+02,9.948622454214461897e-03,-1.051295231782675699e-02,8.894255281677101999e-03,2.478472051731799627e-03,-7.859686672561362565e-04,-2.230011136166878234e-04,2.556349743557510408e+02
1.022700543400000015e+02,1.174820557966582690e-02,-1.069133148368126007e-02,1.505268791698734579e-02,2.175299014953310187e-03,-9.373181720773733194e-04,-1.320855750642473266e-04,3.532678753378554006e+02
1.023700618740000010e+02,1.050619850756095985e-02,-8.214376784525578845e-03,1.619748874416247764e-02,1.540336814887816952e-03,-1.277743866181489402e-03,-2.166591813528415307e-04,3.077593185912080003e+02
1.024700655930000011e+02,1.325995629915821539e-02,-7.441190663932312210e-03,1.610354544087875400e-02,8.256666225134597992e-04,-1.334494093489858521e-03,6.451185941502324576e-04,3.138791359436798416e+02
1.025700557229999959e+02,1.682736757799840888e-02,-5.625135294195060531e-03,1.230420731305472554e-02,1.031965704647792728e-03,-1.146526167848324791e-03,4.243719351990744783e-04,2.901669171457397738e+02
1.026700661179999940e+02,1.920596608019531359e-02,-5.619428889610034172e-03,6.232332903227554531e-03,1.011297347487097884e-03,-9.246487638311974306e-04,3.102084968940776099e-04,2.545420256664900194e+02
1.027700555320000007e+02,2.153612680652994271e-02,-7.040475978036198068e-03,1.933626207197228913e-03,5.188725355956052762e-04,-7.977505937977319699e-04,-2.734808083756631652e-04,2.837676660312073409e+02
1.028700587750000039e+02,1.955716042312682923e-02,-8.573998074582755979e-03,-2.677750481889331832e-03,1.040172940664711070e-03,-9.826700847634147612e-04,3.616721484514997392e-04,2.694680108696734919e+02
1.029700534339999933e+02,1.147891234931264215e-02,-1.155530894420531141e-02,-3.280704893328663385e-03,1.989165935347225820e-04,-7.167132879437269205e-04,1.879268637787973170e-03,1.978957059695997032e+02
1.030700588219999929e+02,4.065858591665527655e-03,-1.397872754325046873e-02,-2.790706920000954327e-04,5.506128900388054803e-04,1.647442543056459657e-04,4.935323023954438400e-03,4.181192603117304998e+02
1.031700713630000052e+02,-1.064304396000803621e-03,-1.718420688627436688e-02,2.869792242897333673e-03,-5.762633578233285116e-04,1.293878057574409692e-03,7.663821630877351576e-03,9.214428839679159182e+02
1.032700595849999985e+02,7.554338708869456909e-04,-1.614548672496735060e-02,4.218585822128696240e-03,-9.395900553218235326e-04,3.116461579193617604e-03,6.775126312575359064e-03,8.171970570429195959e+02
1.033700516220000054e+02,3.397706819393664368e-03,-1.242856206073922332e-02,2.302479570968223727e-03,-1.662550762432792950e-03,3.953690121176864705e-03,2.254863545884669244e-03,3.140644284054684476e+02
1.034700608250000045e+02,6.758761919690714493e-03,-1.014180409617032597e-02,2.465966941503630258e-04,-1.583441348621543411e-03,4.750669753534375421e-03,-1.412651467002393364e-03,3.115870498210142614e+02
1.035699272150000070e+02,9.279061548679634619e-03,-7.280806329201860994e-03,-3.044821621603690902e-03,-1.027222947619789222e-03,4.391091087991227764e-03,-4.922802137488171449e-03,5.114113833182856297e+02
1.036700527670000014e+02,1.294390108648624249e-02,-5.000996106583499579e-03,-3.057449219138231276e-03,-1.065870309117796476e-03,3.746769184415012829e-03,-4.987611537736416460e-03,5.197763349511628803e+02
1.037700593470000001e+02,1.339063298763443211e-02,-7.328207422469201759e-03,-1.780726610041631630e-03,-8.713804315300389654e-04,2.524574002640973727e-03,-4.245154636160318982e-03,3.963156981728891992e+02
1.038700587750000039e+02,1.077336433546283168e-02,-8.956061513967383814e-03,4.527408768387232441e-04,-8.060457600863478369e-04,3.355263950607894740e-03,1.930310329612607305e-04,2.030106613856660829e+02
1.039700536729999953e+02,8.649454836666126134e-03,-1.196450493200867937e-02,2.188390930694994289e-03,-8.787908778384021825e-04,3.017169394724275935e-03,4.570234996265578123e-03,4.134342081045033410e+02
1.040700716970000030e+02,6.949451649521876107e-03,-1.214889146947650822e-02,1.996092596977173082e-03,-9.101178935055871189e-04,4.288545712356103302e-03,3.919608355409003216e-03,4.025378689597622497e+02
1.041700928209999972e+02,8.382748426992825408e-03,-1.092711356033101988e-02,1.062583385654519361e-03,-1.111052665569219706e-03,5.225962285619815788e-03,3.120767102689391264e-03,4.029529249632538495e+02
1.042700567239999998e+02,5.049669706249870771e-03,-6.798173219821151969e-03,2.473298644603102309e-03,-4.643645519178920731e-04,5.934688831764645470e-03,-4.538169520768764800e-03,5.079294612130980227e+02
1.043700551980000029e+02,4.402431668470097037e-03,-5.322179686047284752e-03,2.283036945744823173e-03,3.646190550530206952e-05,4.780718073143194399e-03,-6.699686517485094542e-03,5.981898104526032967e+02
1.044700813289999957e+02,2.256631984484114284e-03,-7.712106057840284468e-03,5.211765389451438260e-03,4.389062125341133846e-04,3.639091853539299249e-03,-6.068596767529322103e-03,4.953145436661899339e+02
1.045698370930000038e+02,2.407579209742327642e-03,-1.192603577186238106e-02,6.617133220493428072e-03,-5.533907748949614151e-04,2.806703989703353795e-03,-4.746020205040867197e-03,3.922154568225186040e+02
1.046700565809999972e+02,2.167682472193677157e-03,-1.343118772787227355e-02,6.232241861246020156e-03,1.415014330808794666e-04,2.553059088939210047e-03,-3.846386838679433009e-03,3.071966323113823591e+02
1.047700557710000027e+02,3.406694712770552691e-03,-1.555317866697106255e-02,5.729990383650301541e-03,-4.384621231535794340e-04,1.881876183813091909e-03,-2.624713006630288205e-03,2.366909813592408796e+02
1.048698887820000039e+02,4.490706942231637022e-03,-1.645175101264220729e-02,3.657996204235205301e-03,-5.942344853096002489e-04,1.200033906248321484e-03,-1.792914749726963507e-03,1.880551196336491273e+02
1.049700596330000053e+02,6.286125011359167125e-03,-1.572574768543022472e-02,4.163212306885523406e-04,-1.701348942450695218e-04,2.097175365329224180e-04,-1.879086968726371770e-03,1.677200518220313370e+02
1.050700592989999933e+02,4.653721416922662613e-03,-1.633901762976605609e-02,8.772578216932492429e-04,-1.765659098462495308e-04,-9.954044063473939646e-04,-1.748000353632579371e-03,1.698293487662784287e+02
1.051698858740000020e+02,3.478222930612839825e-03,-1.379228383867564522e-02,9.050734287749861648e-04,-3.449113563072949123e-04,-5.658326352614242473e-04,1.320994727025773545e-04,9.658566308609681528e+01
1.052700567239999998e+02,1.548437482321363134e-03,-1.343005579876344058e-02,-2.154452481208076267e-04,-2.516552058296274192e-04,-4.045852446105303478e-04,-4.660132759621612563e-04,8.727574903686119967e+01
1.053700771329999952e+02,4.860275326877272484e-03,-8.687754417636445181e-03,-4.720155835677324399e-04,5.308600551124128663e-04,3.381344868939906053e-05,-8.542977264544555742e-04,5.436427569341505261e+01
1.054700911040000051e+02,1.991543973283493862e-03,-7.046468188594529058e-03,-3.832896193694109929e-04,6.271629360794807578e-04,-1.818189252215575576e-04,-1.184075758800254329e-03,4.122350867519426743e+01
1.055700581069999942e+02,2.410507175512388578e-03,-5.352267439790531212e-03,-4.746762218040458808e-04,-6.112646614834830409e-04,-7.057835032293736195e-04,-1.548025005113057133e-04,2.377429934132724654e+01
1.056700665949999944e+02,1.736807944340501564e-03,-6.086583541082046800e-03,-1.015074079981321403e-03,-2.107052943496841898e-04,-7.741899123648027367e-04,2.375178674951031188e-04,2.466919383671342203e+01
1.057700595849999985e+02,4.641078996603376083e-04,-7.694347116780492213e-03,-4.500157429813099463e-05,-1.311195533163525778e-04,-7.884511745257821898e-04,-2.644380481674515589e-04,3.263524900224727077e+01
1.058699338429999983e+02,5.844990622755341647e-04,-1.120053770943910121e-02,-7.982069845170356934e-04,-3.480389114037910374e-04,-1.135353200185003526e-03,4.389406231450332092e-04,6.965044502303150864e+01
1.059700579640000058e+02,-2.210130333527571267e-04,-1.190800563559982206e-02,4.086270022826514470e-06,-1.521657338838250254e-04,-3.942193494432703958e-04,3.753546575525166661e-04,6.614639021222620840e+01
1.060700652600000069e+02,2.041490668335255165e-04,-1.273335286516111275e-02,1.008582531780758372e-03,-5.781418600411909400e-04,-9.765669049349302681e-04,9.314627952303548809e-05,8.482197035595699219e+01
1.061701486110000019e+02,1.400275540853535006e-03,-1.119242378920076719e-02,1.802499273067053286e-03,7.894520360122826231e-04,-5.800884500450103525e-04,9.922025239836069089e-04,7.408200547317701989e+01
1.062700679299999962e+02,1.521247183141616333e-04,-1.082760224347151246e-02,1.665764808705748334e-03,2.379860820982431153e-04,-4.165089193101512285e-04,2.288902430770694933e-03,1.003648214477447596e+02
1.063700625889999998e+02,1.620442290220347470e-03,-9.711366660488163216e-03,7.384512241256774301e-04,-4.814778892323196263e-04,-8.446211337659238099e-05,1.422469454223251233e-03,6.077308332737250396e+01
1.064700705999999997e+02,4.975189091288578780e-04,-9.448247091997374891e-03,-2.050865527766180391e-06,3.082885113078952613e-04,3.340552358197447394e-04,-7.519306119826222852e-04,4.479539043125200237e+01
1.065700781339999992e+02,2.852099075628722336e-03,-1.056862063399516272e-02,-1.271660363183843220e-03,-5.376768288288377631e-04,3.256943596124920902e-04,-1.482568509222210052e-03,7.434289883836422064e+01
1.066700677869999936e+02,3.155335938324177469e-03,-1.092697532404543481e-02,-9.687978418639426811e-04,9.711027622740863276e-05,7.985975933560132331e-05,-1.993954808172572306e-03,9.352482490682533012e+01
1.067700629229999976e+02,3.462348576015294999e-03,-1.055329075284777707e-02,-1.429586103069199927e-03,-3.301942046734796790e-04,-3.092077408860041134e-04,-1.087958075087975965e-03,6.835167023811224851e+01
1.068700675959999984e+02,2.703173126056335196e-03,-9.770184332222903167e-03,-2.254714699568666561e-03,1.094007876422954775e-04,-3.825449135588546655e-04,-3.451651634349498518e-04,5.201975832781002396e+01
1.069699151509999950e+02,1.832326143248075301e-03,-9.287367735459794993e-03,-2.942627563982015346e-03,-7.411519327237190129e-04,-7.810652247167639180e-04,4.510629922813510660e-04,5.842552186922947755e+01
1.070700657360000037e+02,3.503001414497441957e-03,-8.982652210213271093e-03,-3.543766929513346778e-03,8.753759801431894435e-04,-9.190562010649149524e-04,-4.443771412837901864e-05,6.336449122351659469e+01
1.071700575349999980e+02,2.713246918772282967e-03,-9.606571804752689347e-03,-2.823823142815814341e-03,4.172504283645982193e-04,-7.383118189950155360e-04,-9.420643554270593102e-05,5.546299595166333773e+01
1.072698984139999965e+02,4.021334485418970317e-03,-9.175445703885426463e-03,-1.682452173020106134e-04,8.337744020869514248e-04,-1.039140855726522657e-03,3.224753233680868834e-04,6.046860464495271970e+01
1.073702266210000005e+02,3.028529185697459436e-03,-1.021580665864132986e-02,6.711518564930865627e-04,6.024764236143560596e-04,-8.378741168857836664e-04,-1.876348056132382013e-04,5.820731797241197114e+01
1.074700729839999980e+02,2.865058941186243713e-03,-1.176108077054283108e-02,5.036900772763842904e-04,-4.793280144061434355e-04,-9.515388226882996823e-04,4.166928805790089357e-04,7.386518003395592302e+01
1.075700662130000040e+02,8.726596120095797549e-04,-1.257817447529144261e-02,1.914062106444560860e-03,-3.412722248556312879e-04,-7.191541121926128995e-04,-3.905601305785625851e-04,7.617039361608773618e+01
1.076700747010000043e+02,-4.298083553025022763e-03,-1.186355307622460886e-02,-6.873840626932872788e-04,-2.893301530310893972e-04,-1.336225494753479851e-03,-2.300616166994735976e-04,8.710720232120793582e+01
1.077701456540000038e+02,-8.157861742089878021e-03,-1.260557568598383305e-02,1.269030850344415526e-03,-2.726088848292850669e-04,-2.926435724969102129e-04,-1.737718280521155913e-04,1.005059072592148652e+02
1.078700840470000060e+02,-8.458349426888722711e-03,-1.398287561547739699e-02,2.300242605937748847e-03,-7.108269114586235424e-04,-7.932007290015649333e-04,3.061050402101305108e-04,1.296306127034611677e+02
1.079700660700000014e+02,-5.060546980294872155e-03,-1.370134901976746700e-02,1.622946066284733889e-03,4.961637173766059129e-04,-7.807603718652032614e-04,4.931536538616128297e-04,9.916720628576968011e+01
1.080700795650000003e+02,-8.566477799556437844e-04,-1.148077173664910355e-02,5.535029703024468839e-04,1.879814847742529546e-04,-1.111156165581003415e-03,6.918786596213687752e-05,6.553201095168276424e+01
1.081700608729999971e+02,3.596007142328327966e-03,-1.194161107417962553e-02,-6.995287648915360021e-04,-1.158578685616769798e-04,-1.185552753117466050e-03,-7.914283595008369220e-04,8.279401058019855952e+01
1.082700684069999966e+02,6.788128412617500107e-03,-1.218722630441262944e-02,-1.673336675595885753e-03,1.308638862202344286e-04,-9.194468549157143716e-04,-1.218970256742047753e-03,1.063850886057687291e+02
1.083700587750000039e+02,6.238869768018351358e-03,-1.078199517529379592e-02,-2.805924136342402217e-03,-5.476686872130407746e-04,-1.631792672013310198e-03,1.961395314979041331e-04,1.010299017873311982e+02
1.084700698850000009e+02,4.052792450336323293e-03,-1.051653545859665417e-02,-5.043922099924281685e-04,1.559280868102192255e-04,-4.791735684551338774e-04,2.074708551369667349e-04,5.569742417917457544e+01
1.085700685980000060e+02,5.320406484683737336e-04,-1.083749593083388474e-02,1.740083083497188238e-03,-3.405136748228205319e-04,-1.413387318994293760e-03,8.247198796935577064e-04,7.517908987840168322e+01
1.086700687409999944e+02,-2.095698709100868307e-05,-1.036705031150800260e-02,2.091489804030390205e-03,1.137113951520148379e-04,-6.385406254553073870e-04,6.107792746370069173e-04,5.255464280557823997e+01
1.087700600619999989e+02,-8.553336897667018768e-04,-1.084132676848192922e-02,1.317083728885108662e-03,-6.203247557085974848e-04,-1.305381995530003475e-03,2.054331420272320261e-04,6.778225881555009380e+01
1.088700764179999965e+02,-1.947600388521597559e-04,-9.239276909893873180e-03,-2.227945828955245865e-03,6.688476443421479713e-04,-4.097548467019561814e-04,2.865311895202432742e-04,4.186450211320004655e+01
1.089701547620000071e+02,-1.609976539325264078e-03,-1.021732734901981132e-02,-1.610226790055202008e-03,-7.001870310260988549e-05,-1.074056632423128071e-03,3.924235812138823407e-04,5.722562649655711198e+01
1.090700995920000054e+02,7.979165699883994378e-04,-1.240327035155050495e-02,-1.167732355227752046e-03,-6.089356390223633550e-04,-1.456218375827279246e-03,6.366578687490468758e-04,9.209860597011133621e+01
1.091700632569999954e+02,2.023888385738858986e-03,-1.126799399021990999e-02,-5.550381885296076095e-04,-3.231326260307258030e-04,-3.461208078122924268e-04,1.079943619773549740e-04,5.768301932062831128e+01
1.092700731749999932e+02,3.779711621373846309e-03,-1.252145490139763839e-02,1.447811727366157993e-03,-6.400435477163069582e-04,-7.186228127673293829e-04,-8.238661423492660036e-05,8.305473652513573768e+01
1.093700661660000009e+02,4.278051486955550264e-03,-1.024185900138663285e-02,4.094939963161193727e-04,4.163238329587998806e-04,-7.232646998213487039e-04,-7.626806071221056368e-05,5.884213397074001506e+01
1.094701616760000036e+02,4.621638973549842266e-03,-1.116840474256369786e-02,1.222031912473592503e-03,-6.451487030692893213e-04,-8.219351219591656231e-04,-2.472518097377444682e-05,7.159020075085015833e+01
1.095700867169999952e+02,-5.380919454716498462e-07,-1.017803837296055169e-02,-5.119043341639973460e-04,4.982164729883721034e-04,-7.492391011743352539e-04,-9.951867740020708866e-04,5.751467814235534348e+01
1.096700763700000039e+02,-5.301221815343747437e-03,-1.077621958091112830e-02,-1.890405747910808322e-03,4.622858567117950346e-04,-9.091858781036357738e-04,7.873916539792755968e-04,7.633500708264816126e+01
1.097700808050000063e+02,-8.478464103878032704e-03,-8.129432433977040739e-03,-2.416528681170098877e-03,6.207412569553869388e-04,-4.260492588684565505e-05,-6.151586674239940909e-04,7.061510286856818652e+01
1.098699104779999942e+02,-7.281855322081668032e-03,-1.008294899492026553e-02,1.512089705949966334e-04,-4.394993540305356695e-04,-1.107983796677229063e-03,6.252653469619573858e-04,8.415849857161484238e+01
1.099700729839999980e+02,-2.376267940707590433e-03,-1.127787550903103231e-02,7.542377702225537550e-04,6.638355631963730992e-04,-3.278459733450467766e-05,-4.517960293588062752e-05,5.619493159108477442e+01
1.100700759879999993e+02,-7.154419615008223571e-04,-1.328649794018993413e-02,1.990313647971688957e-03,-1.580964869643646778e-04,-9.032602472717130015e-04,4.323607607615048047e-04,8.464288287431746483e+01
1.101701738830000039e+02,2.711981832555119057e-03,-1.311651761057833210e-02,1.957811952229953148e-03,1.351588840970182736e-04,-4.386068257992313188e-04,2.063150490253615147e-05,7.742737662646560182e+01
1.102700753209999931e+02,3.551139489705553917e-03,-1.261345417919071399e-02,1.350927423716001552e-03,4.952282326864331733e-04,-7.136635034479740791e-04,1.559385812142534259e-04,7.954769402515947263e+01
1.103700656890000005e+02,3.921396848080494456e-03,-1.273877478309590194e-02,8.520661291368334528e-04,-7.517986557346083504e-04,-9.966449996419704180e-04,3.744707276670510834e-04,9.060513431342931767e+01
1.104700975420000049e+02,3.553853559273485209e-03,-1.063813966905186037e-02,-3.096765959893898329e-04,1.383619292680101829e-04,-8.678374463236634582e-04,-1.675952601957488195e-06,6.040646729480558008e+01
1.105700619219999936e+02,3.106828960423923397e-03,-1.088727474240280824e-02,-2.305000454499057938e-04,-3.506760197839458183e-04,-8.580254614511912759e-04,4.459145529535629292e-04,6.348672932516313239e+01
1.106700761320000055e+02,7.945836328597730147e-04,-1.032677596473902115e-02,-3.107685542223133368e-04,-8.614567736260549547e-05,-5.412093946790260757e-04,-1.492284321429106231e-04,4.602700534976079894e+01
1.107702164650000043e+02,4.003708047173575729e-04,-1.112401558385334166e-02,-9.265432732523531945e-04,-1.379567953575548873e-04,-1.068956794518199308e-03,-1.027500415271355075e-04,6.090192180746662132e+01
1.108701119419999941e+02,1.015212973907650418e-06,-1.037950816771227025e-02,-7.779464098217336865e-04,1.949432912415172516e-04,-4.304091640682513134e-04,-1.252982759273110041e-05,4.352067303900376061e+01
1.109700670240000022e+02,7.155692937127998421e-05,-8.983152077070760688e-03,-8.578002704005341372e-04,2.525639070834148647e-04,-1.147191929364308697e-03,-3.279776458213767853e-05,4.502626339190832283e+01
1.110700721740000034e+02,-1.437000867400702389e-03,-1.010233778567939944e-02,5.906099535216043084e-04,-3.345499915694143708e-04,-2.879565947275075492e-04,8.224566358320366808e-05,4.279651102379030903e+01
1.111698598859999976e+02,-1.810923414788077890e-04,-1.072665794961713548e-02,2.590566299090409433e-03,9.941282849501636640e-04,-4.893177235305503237e-04,3.214736033992228567e-04,5.855493927656603148e+01
1.112700781820000060e+02,-2.732911887363175321e-04,-1.509121975539490235e-02,3.933999745650110756e-03,8.064384956170615303e-04,-1.066305024798205403e-03,-2.487839966422842513e-04,1.137436485282789249e+02
1.113700895310000050e+02,1.757319472849060496e-03,-1.248416566554599871e-02,4.470249662460710344e-03,7.389615363404106706e-04,8.411767348974439631e-05,1.311889382907033787e-05,7.436589654072334099e+01
1.114700751299999979e+02,8.757995823153027701e-04,-1.284960620674752835e-02,2.620101820989978805e-03,1.909981656825085472e-03,-4.439765980142064655e-04,-6.469913660470120098e-04,9.332114914887414159e+01
1.115699100490000006e+02,6.414370216728786794e-04,-7.055518731649501607e-03,1.810934670759450308e-03,1.026869068085856096e-03,-5.457887027827409239e-04,8.652366802590818876e-05,2.967903250199136878e+01
1.116701078410000036e+02,-3.935578165015687219e-04,-5.152915188160668569e-03,1.242703082539403214e-03,3.736622945394235326e-04,-9.223339784815809232e-04,-2.674521611436686604e-05,2.033755392017839014e+01
1.117701294419999982e+02,-1.536557232187085557e-03,-4.192278209311298132e-03,8.509846815390879112e-04,3.444819989807297871e-04,-6.459772961532874933e-04,2.855690637268298599e-04,1.374773120960856332e+01
1.118700776099999956e+02,-1.991160687476126873e-03,-8.273488407449847148e-03,-6.715558762314314915e-04,6.847009875796202958e-04,-9.338040622401371903e-04,4.487489067776132359e-04,4.026553017875758655e+01
1.119700627320000024e+02,-1.412742709992353789e-03,-8.142347404533269162e-03,-2.202155016178198883e-03,-2.586972689753079080e-04,-7.339585903017974014e-04,3.408264164620847811e-04,3.459601000764002521e+01
1.120700707430000023e+02,2.852833853089764560e-05,-1.251017131143059707e-02,-1.751594646710210321e-03,-1.365348838104222856e-04,-6.374256792160756932e-04,-7.304974179075873800e-06,6.292711901374504890e+01
1.121700785160000038e+02,9.636563156577293565e-06,-1.253597700264771908e-02,-2.930844892093559771e-03,-4.053417651909649332e-04,-6.009802923419645289e-04,-1.812031889056159013e-04,6.645624706178644203e+01
1.122700862880000017e+02,3.938070131452794942e-04,-1.290181098747397725e-02,-1.876624020837129462e-03,-4.932041379682155363e-04,-5.988692004107869530e-04,9.062724659703513472e-05,6.788873629300510970e+01
1.123700728409999954e+02,1.070023673782284981e-03,-1.346076277099668428e-02,-2.240226104021412253e-03,-1.296049130551625355e-03,-6.674503117588524454e-04,-4.501466669946175875e-04,8.919886194898475651e+01
1.124700779909999966e+02,1.014273966129020099e-03,-1.172749592256501494e-02,-1.040407483575955892e-03,2.232193391701665127e-04,-9.130704972881778243e-05,2.033977509841529744e-04,5.230117032525193821e+01
1.125700938699999938e+02,3.389420443364008460e-03,-1.068625963306091275e-02,-1.205546266405464577e-03,-4.307893200807058078e-04,-7.561549702898835799e-04,-3.721116704495445711e-04,5.705695590486971014e+01
1.126700880519999970e+02,2.680268887754275881e-04,-7.975556710446606024e-03,-3.420749078634965565e-04,-1.676911116641643831e-04,-5.272418919134969593e-04,2.588038196953690306e-04,2.715869131347844245e+01
1.127700657839999963e+02,-6.808823784446287747e-04,-9.160252458129285180e-03,-3.647256076262485672e-04,3.342703838911549315e-04,-9.879973750167069316e-04,9.816791078421503887e-05,4.090831291059163988e+01
1.128700902460000037e+02,4.273475498073071172e-04,-1.033192547968230651e-02,2.410192163397360116e-03,3.101904061882446162e-04,-4.628670514681528718e-04,3.532907169152919706e-04,4.348505737894983980e+01
1.129700684539999997e+02,-1.615917059462682742e-03,-1.222688722921148191e-02,2.151440192330437290e-03,-2.563259227920096990e-04,-1.107833166901673379e-03,-2.764325513756579256e-04,6.785809140850672350e+01
1.130700876709999960e+02,-1.378281080894470240e-03,-1.275077570589520926e-02,1.629422803777468357e-03,7.227929761055201026e-05,-4.758142496980681795e-04,2.483167065115429533e-04,5.825391111736154670e+01
1.131700804230000017e+02,-3.180433655919755881e-04,-1.121960433584824612e-02,1.042529561310697080e-03,3.049133121719296629e-04,-2.789268599668708049e-04,4.585971293927256875e-05,4.209351944238874665e+01
1.132700836660000050e+02,-6.340956276309379913e-04,-9.875665400840456798e-03,-6.488565564694778742e-04,5.043434666429052853e-04,-1.042644910606766546e-03,3.664449440712799766e-04,4.404917601839937902e+01
1.133700857160000055e+02,-1.703046738048864805e-04,-8.854485490788134572e-03,-5.003820238359468417e-04,6.758449691030560388e-04,-3.664568052323429652e-04,6.037672530590994946e-05,2.851618736367363383e+01
1.134700734609999984e+02,5.056555499048497743e-04,-1.077202288147850046e-02,2.279624968269068283e-04,9.501735833956372577e-05,-2.492018456699317069e-04,-1.781699183805064029e-04,3.783017734859566161e+01
1.135698976510000051e+02,1.484575593636310378e-03,-1.116172739177234696e-02,6.254440278862698557e-04,1.088286130095329686e-04,-3.530072228174160648e-04,1.080133650758766617e-05,4.243442439443926872e+01
1.136700696940000057e+02,1.944417589620849041e-03,-1.253408844415853512e-02,-2.576348554015998882e-05,-5.271412489300151237e-04,-1.092022340432953964e-03,-1.528916776544866736e-05,6.663195969929331852e+01
1.137700760360000061e+02,7.854183450724874782e-04,-1.433998921811908273e-02,-1.379886564142369411e-03,9.238702262912751632e-05,-5.311151991891394390e-04,-1.038820058492994172e-04,7.203096565614102076e+01
1.138700809479999947e+02,-5.276105629643725731e-04,-1.427111443951507158e-02,9.485701045490874117e-04,-9.532559893959129289e-04,-8.025481083298026353e-04,-3.859364249936869333e-06,8.118484795357254313e+01
1.139700710770000001e+02,-5.018900726811523910e-04,-1.278661873467901861e-02,4.181710428495981693e-04,-2.232672100680840237e-04,-4.919815422649068647e-04,1.058860488668060101e-04,5.849004197256545012e+01
1.140701963900000067e+02,1.260638232744143092e-03,-1.170109878017942112e-02,-3.798534615895750310e-04,-2.253405248495843468e-04,-1.458174539271145766e-03,7.527490394354452918e-04,7.634200552878927226e+01
1.141700901979999969e+02,3.041408479318028629e-03,-1.013954263425202382e-02,9.747632862357009584e-04,-1.298497733554257558e-04,-7.830028481950877155e-04,6.557583766482389569e-04,5.068338043355066702e+01
1.142700812810000031e+02,2.036317349476901573e-03,-1.038680488677546331e-02,-1.850665669342658158e-03,1.211328198185789815e-04,-1.195058327701623143e-03,1.725331146233356132e-04,5.489853986568830635e+01
1.143700788019999948e+02,4.758054747890094749e-04,-9.511977871347748748e-03,-1.856961989946962800e-03,-1.659168214092461514e-04,-3.676425525399989449e-04,-8.764800416692516104e-04,4.097267734076196888e+01
1.144701137539999962e+02,-8.808648023484865613e-04,-8.275646161449642935e-03,-9.830443000548114846e-04,-1.349479043607843905e-05,-1.206196876764630878e-05,-1.107105184957833282e-05,2.365728902733675199e+01
1.145698537819999956e+02,-8.215016695603495275e-04,-1.049090548003389634e-02,1.880975986771910718e-04,3.887744016263092921e-04,-7.186453305319966990e-04,1.098803818630486806e-04,4.404719570597908529e+01
1.146701321599999943e+02,-1.433853719797244936e-03,-1.151292813276984066e-02,1.116758732242739346e-03,-3.076215319515210279e-04,-4.070226860077372634e-04,-2.143070018286271543e-04,4.797798568588856938e+01
1.147701241970000012e+02,-9.539617174546960454e-04,-1.236421283040240772e-02,1.744297515672340454e-03,-4.352643830574897386e-04,-1.112995761921306082e-03,-8.716081300214581528e-05,6.564349962952327644e+01
1.148700921530000016e+02,-2.030151004480170579e-04,-1.222334687491586844e-02,2.541031125073423859e-03,3.407684630219687759e-04,-2.249177968081181994e-04,4.565188559677404762e-04,5.358231890091830252e+01
1.149700841899999944e+02,4.339321893700705604e-04,-1.403556729511794277e-02,2.982430860961680311e-03,-6.604896996211906228e-04,-1.093287336575748687e-03,2.124784959255309345e-05,8.324157477869556487e+01
1.150700795650000003e+02,-9.507556077332614611e-04,-1.363027644296246552e-02,3.196114541580219806e-04,3.360491209107126969e-04,1.290486180891628476e-04,-3.786997990301392276e-04,6.441285235397059239e+01
1.151700925819999952e+02,6.291323452891732504e-04,-1.121994517165664750e-02,-3.102178079385465789e-04,-2.968494597526274243e-04,-1.142128432400913753e-03,-1.691843076668653512e-05,5.818304340957702436e+01
1.152700793740000051e+02,-3.315006632641460602e-04,-9.691392851061471359e-03,7.172585054325466419e-04,-1.067787881814725136e-03,-1.954996552090906435e-04,-3.445399981159417741e-04,4.188982447980410484e+01
1.153700699799999967e+02,-5.768959342531462114e-04,-8.114284436722027719e-03,1.344273350816641358e-04,5.535098656608941929e-05,-5.481508760963951527e-04,1.458032458569143184e-05,2.676383084447399341e+01
1.154700906270000047e+02,-1.183627895275317886e-03,-6.411671190008412513e-03,-2.216420864366506083e-03,5.644171579855756989e-06,-3.472595274110853894e-04,2.954199905440576374e-04,1.950784616829080420e+01
1.155700733660000026e+02,-5.117381676518449607e-04,-5.939502501135915900e-03,-4.352185168475652434e-03,1.035302076236361939e-03,-6.348863342039960537e-04,2.103560626059599974e-04,3.043722090571161942e+01
1.156700866219999995e+02,-2.795182530422688633e-04,-8.706221744682975106e-03,-2.538272827633216572e-03,2.639739695650521341e-04,-7.084841444439854202e-04,-2.676524948497342737e-04,3.612125346884709387e+01
1.157702007289999955e+02,1.070294676565739476e-03,-9.517136093831653210e-03,-1.252945487803342958e-04,6.713012407468640832e-04,-4.808747762371347952e-04,-8.768175200946249238e-04,4.392772432310447073e+01
1.158700940610000032e+02,-3.027742867047333170e-04,-1.248757424824627205e-02,2.218135554816124885e-04,-3.664966528714803571e-04,-7.870838044869358889e-04,8.194381306393672950e-04,6.926111963852017084e+01
1.159700839519999960e+02,1.226331941959663691e-03,-1.201770389096108727e-02,6.058195701200853184e-04,-5.065946958764166791e-04,2.511323110338514459e-04,1.055915608345821163e-04,5.595650417755399531e+01
1.160700864789999969e+02,1.039181301873285182e-04,-1.220099346449490807e-02,2.740134552859297377e-03,1.245506549400617567e-04,-1.145981375722344422e-03,-1.807274314518827313e-04,6.674714455826099879e+01
1.161700875760000002e+02,6.613293927437251252e-04,-1.336669235780049182e-02,3.354827483367078464e-03,-5.628899067358646797e-04,-1.949046156157470270e-03,-3.430876559070847797e-04,9.540641836117261221e+01
1.162700860500000033e+02,8.116639576269462850e-04,-7.731864979320051019e-03,1.887704071494117515e-03,6.153782156580084621e-04,-1.680112161152332246e-03,-3.544216217332712580e-04,4.267185707254678562e+01
1.163700752259999973e+02,-1.744004678912091863e-04,-7.506560863327464868e-03,6.939728833346876791e-04,2.167045278207525090e-04,-1.552891297735203499e-03,-1.871586222776130232e-05,3.549407356134146596e+01
1.164700920580000059e+02,-3.719300347086000602e-04,-7.089292684412410936e-03,2.535498862715544581e-04,-7.785373478979755544e-04,-1.622045521065995166e-03,9.072342526798295691e-04,4.720994639947069516e+01
1.165700929159999930e+02,-9.619133285176540565e-04,-9.078456728840066797e-03,-1.515628435299203568e-03,6.994186800008131899e-04,-1.204902975702923503e-03,6.100940700303132984e-04,4.758943206151487715e+01
1.166700947279999951e+02,-2.664818603369587154e-03,-9.321293616862168577e-03,-1.214949613978508550e-04,-2.242460145255162005e-04,-1.336362112824586272e-03,5.328421807979442752e-04,5.326019052329598225e+01
1.167701549530000023e+02,-2.595937261039878499e-03,-1.144441701415926937e-02,2.692235314000275721e-04,5.861884304575948812e-04,-1.790117243168091381e-04,-1.361924818355337793e-04,5.368083903723830730e+01
1.168700845240000064e+02,-9.574782232385061279e-04,-1.158783305411187521e-02,-1.700311405375377286e-03,-4.351938069271428402e-04,-4.615547958048904433e-04,2.544777412197940080e-04,5.729182971494071097e+01
1.169700942040000058e+02,3.420055059016333457e-04,-1.106343890398388263e-02,-4.749336278100074055e-04,6.570284039154616635e-04,-7.177724851318267310e-04,-1.039987642525195215e-04,5.587142137425527011e+01
1.170700721740000034e+02,2.359212854807048350e-03,-1.223690705404277719e-02,-3.374630560596713139e-04,-9.886336997085433224e-04,-3.527250782958140274e-04,2.262378221176375665e-04,7.031219257859551419e+01
1.171700787540000022e+02,3.483678780042843287e-04,-1.185994282070303163e-02,-6.316073417655344510e-04,5.285772646891841089e-04,-6.692457831023469186e-04,-7.526497572090627957e-04,6.802533959547977815e+01
1.172701921459999994e+02,-1.596669116870712973e-03,-1.055275570056786807e-02,-7.149837403566438113e-04,7.316929592711239475e-05,-1.092302277057188463e-03,-2.046252717582224684e-03,9.812470593979737998e+01
1.173700947760000020e+02,-1.637426423757939314e-03,-8.443241859484990758e-03,-1.776887830884071179e-03,8.278024564254357360e-04,-2.641286068963969030e-05,5.991448512941529225e-04,3.813267603957781660e+01
1.174700934880000034e+02,7.229492495292415277e-04,-8.354926897458682389e-03,-1.193681594299908152e-03,4.423392972038376388e-05,-1.118676703883887029e-03,1.040970514812167291e-03,5.294756969938256930e+01
1.175698552129999968e+02,1.689649360550247309e-03,-6.122151469428871798e-03,6.886221388140729288e-04,3.725246185174915504e-05,-9.449591172408521077e-04,9.602685926245751883e-04,3.534542988331034508e+01
1.176700837610000008e+02,1.095299878417301670e-03,-7.396368526285166875e-03,1.350220507164890012e-03,1.073399278094565659e-03,-8.723695177634722964e-04,7.519775520731836367e-04,4.295568711239668147e+01
1.177700827120000042e+02,-7.436386138562033066e-04,-8.430882767031317587e-03,1.424365291043290516e-03,-3.122875388737807894e-04,-6.704253163175140579e-04,7.511159404622302352e-04,3.915547351233234963e+01
1.178700871460000030e+02,6.235070613681836793e-05,-1.029174509845807474e-02,1.484315107319670451e-03,2.417247557235383188e-04,-6.444915951339741855e-04,4.840767907205176593e-04,4.876743183210066945e+01
1.179700906270000047e+02,1.378616817057400079e-04,-9.832561825296046859e-03,6.011601147800013645e-04,-1.251864043764469797e-03,-1.249610389652185691e-03,1.061222887162767197e-03,7.759282905707185307e+01
1.180700864789999969e+02,7.257883786582659813e-04,-1.143543807716102326e-02,1.235309153342359183e-03,3.537351763278587951e-05,-8.169488943406926071e-04,-6.634253673544768194e-05,6.123759221258050189e+01
1.181700839989999992e+02,1.242417212696224349e-03,-1.049292688457279833e-02,-7.373467806481509915e-04,-6.981214312461232361e-04,-5.843690131956883046e-04,4.234353241213375174e-04,5.469109608900156871e+01
1.182700877190000028e+02,-3.429494102419015922e-04,-8.242260535290677620e-03,-1.964657760349148522e-03,7.768168345791418223e-05,-9.258387294350492631e-04,1.737500651358298302e-04,3.816329023720629721e+01
1.183699524400000058e+02,-2.035203763821602507e-04,-9.707728292181364710e-03,-2.229353218786304068e-03,-5.099053686269215810e-04,-4.493853178361711270e-04,-2.039882301810066871e-05,4.438546615453640243e+01
1.184701676370000030e+02,-1.145262134594773884e-03,-9.243295352185541477e-03,-2.270835740441299114e-03,6.306386089076470572e-04,1.164332946020733286e-04,1.557697559681235958e-04,4.015965598971079231e+01
1.185701076980000011e+02,-4.713485751781029687e-04,-8.641960827830539107e-03,2.944759351622000532e-04,1.037971174075429865e-05,-1.067095608442964090e-03,5.369625139286009425e-04,4.537047237667703570e+01
1.186700880519999970e+02,1.578418989197395705e-04,-9.413305411934384456e-03,1.067529575486253490e-03,3.901853244025461995e-04,1.592549935414204444e-04,9.973783202832831214e-05,3.711377578449240389e+01
1.187700800890000039e+02,1.465839069252086735e-03,-1.058129206715622585e-02,1.096400079409719230e-03,-3.417333057585733428e-04,-5.843058936157159537e-04,-1.120094231539732645e-04,5.097222672738560334e+01
1.188700885770000042e+02,1.555558880431053004e-03,-1.071015174325441049e-02,7.869131322307950857e-04,-3.074846109266924938e-04,-7.117603878491587975e-04,4.153136716800303880e-04,5.581528271142546771e+01
1.189700751299999979e+02,1.299433023442698315e-03,-8.802671752237780506e-03,8.567304285846929005e-04,2.163900347558832640e-04,-4.191212823602809908e-04,5.120284263016648376e-05,3.420911533299454987e+01
1.190699226849999945e+02,2.556509042174897467e-03,-9.634210592725437131e-03,1.232674010972145944e-03,-3.687947454332014732e-04,-1.100936690658966275e-03,3.597663230867923162e-04,5.858618688762960858e+01
1.191700770850000026e+02,1.087402334135359472e-03,-9.789204256018303046e-03,1.759163715540274821e-04,-1.179297399577050458e-05,-6.545341151690481449e-04,-4.127033413184786844e-04,4.744232189889787321e+01
1.192700841420000017e+02,4.928463739440683278e-04,-9.085521971181682865e-03,7.512751250407685710e-05,-2.760701553850196345e-04,-5.024746545245389927e-04,-2.817283549890412788e-04,3.981016502209583763e+01
1.193700881000000038e+02,2.700852653801134873e-04,-8.024937421880552410e-03,-1.908331552494628696e-03,7.414555251049026159e-04,-1.630703583844170820e-04,-3.648162674664556251e-04,3.446838594431724800e+01
1.194699592590000066e+02,-3.132622476984502080e-04,-8.671955304225549555e-03,-1.419640034393336494e-03,1.088224830328963783e-04,-6.529491639639276122e-04,-2.036262382260764438e-04,3.733921043323523037e+01
1.195699412820000020e+02,-1.802113631372656566e-03,-8.229266581771440756e-03,9.400468394899982871e-05,2.561717392171288313e-04,1.685438834130897532e-04,-4.788668555818085181e-04,3.316823057313744272e+01
1.196700918669999965e+02,-1.412084576975853462e-03,-7.012253528200379678e-03,-8.938399355593448434e-04,1.352777736347548631e-04,-5.922663399642820242e-04,3.935275946591137411e-04,2.752558253328235693e+01
1.197700753209999931e+02,1.480267120911628320e-04,-5.162298027338428456e-03,-1.263910498053742379e-04,3.378800019916277124e-04,-4.715320584925170749e-04,2.525651042073408952e-04,1.525958135037335772e+01
1.198701250550000026e+02,3.966928373466058200e-04,-6.057674868622299827e-03,-3.684108071587959693e-04,1.958382515409774099e-04,-8.170358177974098961e-04,4.435002387566792416e-04,2.579080877885826339e+01
1.199701862330000068e+02,1.097129386819654939e-03,-5.625673761725281247e-03,-9.205236917186280371e-05,7.250257021689723988e-04,-3.147831498073242720e-04,2.315051725648441022e-07,1.773005536354055778e+01
1.200701129429999980e+02,1.413686634476257059e-03,-8.224545766238482158e-03,9.482695311279305470e-04,-3.040172269181369973e-05,-4.593311956179529313e-04,6.166113766276814980e-04,3.510000820674077460e+01
1.201701931949999960e+02,1.337212760561708180e-04,-8.965988897986887363e-03,7.782038111331934793e-04,9.004510742226192908e-04,-4.336738476435031647e-04,4.272206874256697924e-04,4.129808448138521015e+01
1.202701179980000035e+02,1.384809242243895816e-03,-1.083700992380589451e-02,2.724009223762873140e-03,-9.127695941362363183e-04,-1.389544168905397200e-03,5.911457646366559187e-04,8.077248767715504130e+01
1.203700776099999956e+02,1.547584836740955455e-03,-1.189356385366639735e-02,1.101303703224990049e-03,6.996426462614095069e-04,-1.069161900547461151e-03,-1.034531266702704510e-04,7.121387477431507307e+01
1.204700753689999999e+02,1.112897589613845439e-03,-1.026800878236159426e-02,1.703602196944696903e-04,4.500502300534275500e-04,-8.269051377487501896e-04,3.832086954176686078e-04,5.212358285861795082e+01
1.205701057910000031e+02,-6.915245534353971213e-04,-9.317787184653855692e-03,-1.075266138154152250e-03,4.760730575112631473e-04,-7.568177716074961196e-04,-3.425404911428237952e-04,4.359228806836263459e+01
1.206700761320000055e+02,-7.235113094902871633e-04,-1.021039067979453291e-02,3.398643078694890685e-04,3.052080977524541439e-04,-7.894646547080780372e-04,1.229410164241015273e-04,4.748462906242139780e+01
1.207697837350000043e+02,-8.991429863523039967e-04,-1.113326991195067936e-02,5.741751247882930995e-04,1.351912192796903803e-04,-7.240649258508795360e-04,1.054751104181441399e-04,5.353115528112576982e+01
1.208700766559999948e+02,1.670733010916691796e-04,-1.101061474229441707e-02,7.748325314468635511e-04,3.176348640813608944e-04,-8.682117159153952433e-04,4.850720663932395324e-05,5.397755576972939906e+01
1.209700767989999974e+02,1.307732306154021223e-03,-1.098594814393359306e-02,6.185739045540604268e-04,-1.806534439727683729e-04,-1.055841986405643652e-03,3.775616762859555667e-04,5.770444568805682195e+01
1.210700776569999988e+02,2.940068970488058514e-03,-8.768542116191506766e-03,-1.443152545491399076e-04,-2.807107219525257981e-04,-4.740177164655762373e-04,8.688415793159113480e-05,3.289039696288108416e+01
1.211699545379999989e+02,2.565793348201315244e-03,-7.284858426481846325e-03,4.833320138432099441e-04,-1.069390202159151783e-04,-7.645392100582737872e-04,-1.305185731611626722e-05,2.618480538110265243e+01
1.212700777050000056e+02,3.056782340408695231e-03,-6.409809235275707590e-03,-3.418813706323894051e-04,-6.418308966622476245e-04,-2.351519074965077217e-04,2.174319561853253345e-04,2.071082508922866339e+01
1.213700833319999930e+02,3.991752127184937382e-04,-6.911445085552133522e-03,-1.901092218997730600e-03,2.857524332371077125e-04,-1.155241103165272319e-05,-8.217567873944273398e-05,1.746494520287822283e+01
1.214700772759999978e+02,2.817072056106005584e-04,-7.741864392941631701e-03,-1.920016993623963573e-03,-3.757277144558332700e-04,-4.963743424608917315e-04,2.116533556634165930e-04,2.517614606330365490e+01
1.215700888629999952e+02,2.739873033976124306e-04,-8.951838656448286510e-03,1.280694869053525947e-04,-5.083471771740249935e-05,1.547414951645237650e-04,-2.172249808931649433e-04,2.784846600492564050e+01
1.216700856679999987e+02,-6.603740868798037289e-04,-9.738857019727912082e-03,2.282453525720926253e-03,-7.801950886729152766e-04,-6.400749012854627367e-04,2.213399616440818321e-04,4.364155093986914125e+01
1.217700784200000044e+02,2.609933672902131629e-05,-9.222985413649827449e-03,2.699792799668750826e-03,1.359889346791662583e-04,-4.622712000252238076e-04,-1.358251970013375602e-04,3.610313995637041273e+01
1.218700854779999929e+02,-3.476680024855835494e-04,-1.033543762111153660e-02,2.984698585718524935e-04,-3.676028229540705800e-04,-7.257005120297591082e-04,-1.282472671687085843e-05,4.388231672216198831e+01
1.219700789449999974e+02,4.576349255278715222e-04,-9.920358766096860209e-03,-1.220922712682568712e-03,8.592217386482407359e-04,-7.873153374165789637e-04,9.838318177517551525e-05,4.553806232512133079e+01
1.220700941080000064e+02,3.864818444866933989e-04,-9.067069884649709907e-03,-2.493424847235450360e-03,2.434896423255699565e-04,-4.580117050835773285e-04,3.141038823087893817e-04,3.596890420353927453e+01
1.221700866219999995e+02,1.002488123212682408e-03,-7.645853299401707617e-03,-2.166967859634668248e-03,-3.430656107241309718e-04,-1.537373457942012517e-03,1.620237022824560559e-04,3.994152859557463842e+01
1.222701249120000000e+02,-2.099404131388517281e-04,-8.630283939297146018e-03,-1.713738712947069243e-03,1.173322231762641060e-03,-6.238652392341967204e-04,3.897663948883465178e-04,4.182178152861492748e+01
1.223700871460000030e+02,-1.562123159866177918e-03,-7.221590245335057778e-03,-5.277495468740877813e-04,-3.681778531857060670e-05,-3.932989939585571581e-04,-1.451329782074989359e-04,2.287482470717647232e+01
1.224700949190000046e+02,-1.655160847164424687e-03,-7.823106022698486997e-03,1.238945754017404914e-03,9.890922375068314043e-05,-5.565563261846801527e-05,-3.484548037865176318e-05,2.597755539953180559e+01
1.225699741840000030e+02,-7.381475649468130507e-04,-7.880131662689237107e-03,7.702159124722881417e-04,-1.824390586188106309e-04,3.036391570446716847e-05,7.530694003876602647e-05,2.573244808148515617e+01
1.226700975889999938e+02,1.256643839437666943e-04,-7.880589912384274379e-03,1.754481984079705320e-03,-1.182601307565628811e-04,-5.312077874129256727e-05,1.394688765673332456e-04,2.692636187742715492e+01
1.227700889110000020e+02,3.510866729759219707e-04,-9.825817293182765103e-03,2.695976460731453958e-04,-7.008251055501703557e-04,-4.524613019162217632e-04,3.200628109640487619e-04,4.608243419281821218e+01
1.228701069349999955e+02,-9.356820256888817577e-04,-9.271903695384102473e-03,-5.486467733328741561e-04,-4.381394155591930009e-05,-2.367229996138080434e-04,2.399490167595230120e-04,3.596855215344306345e+01
1.229699125289999984e+02,1.029076202224820519e-03,-1.012671449978613109e-02,-2.488466660536250638e-04,3.327647540361407513e-04,-6.959158882807870003e-04,-4.470305856629843712e-04,4.800460330741715609e+01
1.230700869559999973e+02,1.784710597236355972e-03,-9.287674128094386763e-03,3.732599830508177494e-04,-8.861569005349893835e-05,-7.871883960841867967e-04,2.020260960433411200e-04,4.026055462898968074e+01
1.231700887679999994e+02,1.621600026284177043e-03,-7.924673753317205624e-03,5.743388624050932770e-04,5.355164273566155771e-04,-2.132989445764782357e-04,-1.134061757805681931e-04,2.500959487514927204e+01
1.232701518530000016e+02,1.809189692678576933e-03,-7.035145424676101170e-03,3.438024684618255777e-04,4.334690875227698134e-04,-2.830810434272377943e-04,1.159405039604624501e-04,1.985121427832291729e+01
1.233701171870000053e+02,2.261989650748540831e-03,-7.208584227314506279e-03,-4.900638659027668070e-04,1.000697081039812926e-03,-1.705178398818427783e-04,-1.891046487053851149e-04,2.485023361534802078e+01
1.234700965880000041e+02,2.152434159548549664e-03,-7.613219897965900484e-03,-5.889981875711602921e-04,8.296534368127301586e-04,-3.744998494876057267e-04,-9.314731995880544348e-05,2.522740573723319812e+01
1.235700924390000068e+02,2.486400592802195941e-03,-6.257147144410727529e-03,1.648525581137499744e-03,6.056559221047377005e-04,-5.529203781909911497e-04,-1.249761112529939092e-04,2.132997756691023028e+01
1.236700887679999994e+02,4.599668776810207638e-04,-6.989148101515051288e-03,1.833295831541710899e-04,-7.106219296945006226e-05,-9.303032025169242917e-04,9.125473381790494233e-04,3.127845917994360292e+01
1.237700877190000028e+02,-1.879151955583642508e-03,-9.112439585342973700e-03,2.016301980800279392e-03,6.126104307081141169e-04,-2.018904476922855126e-04,-2.494606696520294798e-04,3.127170085307765746e+01
1.238700973979999986e+02,-1.713707548163020261e-03,-9.506313762153259517e-03,1.051446024257073064e-03,7.298557443350231532e-04,-9.398992511391195993e-04,5.757300826951740509e-04,4.436383973901991595e+01
1.239699280260000052e+02,-6.900525122029051162e-04,-1.068312056936563184e-02,1.632285265761437409e-03,3.177712329088551294e-04,-2.659754715932098504e-04,8.123728634805002979e-05,3.695172410535833762e+01
1.240700979230000058e+02,1.809803467900248514e-03,-1.060205533318264726e-02,-1.534539928034384711e-03,4.917911274672585311e-04,-6.357511387586894805e-04,5.958800423539336406e-04,4.417632147749960581e+01
1.241700794690000009e+02,1.448017178901299384e-03,-1.202231767572585659e-02,-1.270417417726904530e-03,2.692367623253355156e-04,-7.034111344233172358e-04,4.166811467113225786e-04,5.303008751290713008e+01
1.242700915329999987e+02,7.309169798694163667e-04,-1.128152765149336573e-02,-2.216787779765572002e-03,4.293011630837072256e-04,1.814096768109367465e-04,2.116454357698336467e-05,4.140845858641208821e+01
1.243700900070000017e+02,-1.271497002221337602e-04,-1.361246951614194026e-02,-4.309700596620072433e-04,-4.220803938023067066e-04,-5.341593085287875669e-04,4.131132282133487450e-06,5.927696951696479744e+01
1.244700903890000063e+02,-2.254165685771497563e-04,-1.129078338486414618e-02,9.670977490336511717e-04,-1.504178359316443736e-04,-7.456648329228910809e-04,-7.739729291231295307e-06,4.350051803773401105e+01
1.245702433579999990e+02,-7.218033382908155271e-04,-1.118791422455250005e-02,1.295096624180095551e-03,-8.564000731289251158e-04,-5.361476835377103215e-04,1.586507712549852314e-04,4.494298143256168032e+01
1.246700918669999965e+02,7.742763805265694133e-04,-7.407566837040302499e-03,-1.823299015196579685e-03,1.001855050067656681e-03,-1.060278023728579406e-04,-5.793979642364242356e-06,2.283039827410494027e+01
1.247700812810000031e+02,1.341158828427876926e-03,-6.068858258072382800e-03,-1.026068886012568640e-03,-1.020059269724072232e-04,-4.424423820230579665e-04,3.557404695248862618e-04,1.520869417110547595e+01
1.248698410989999985e+02,1.669515361241952905e-03,-5.313931348502689417e-03,-2.319726777217794716e-03,6.228739497297049524e-04,-5.351311713164797569e-05,4.495661205446317157e-04,1.551269929160982208e+01
1.249700899120000059e+02,1.555900832972748754e-03,-7.603514844443569343e-03,8.139316044298364194e-04,-1.910607394768947876e-04,-4.782529848221622705e-04,3.792835535169082595e-04,2.205299576743312429e+01
1.250700905319999947e+02,1.306196700743396388e-03,-6.775287533962786810e-03,1.379511427303943029e-03,-1.116202924765321615e-04,1.267095093004435063e-05,-1.359065055792355503e-04,1.502329215506684434e+01
1.251701595779999963e+02,6.619943260057978285e-05,-7.093555657182027199e-03,2.266150794122087295e-03,1.916245552922469109e-04,-1.083239281474824298e-03,1.319331841580534566e-04,3.019884386936480780e+01
1.252701053619999954e+02,-6.750269483717895314e-04,-9.085048073396679441e-03,2.032734342541515568e-03,3.772806548833180720e-05,-1.523399105102374166e-04,-2.846199686378514675e-04,2.703627958568934631e+01
1.253700938220000012e+02,-1.876159875012911593e-04,-8.971281618617106546e-03,1.527945111048019042e-03,-2.442874627804766333e-04,-1.309397367941055783e-03,2.513707178235690320e-04,4.541347106026247360e+01
1.254701008790000003e+02,3.567486903406219545e-04,-1.095199430712230637e-02,1.209235249440029306e-03,-1.049716286041079972e-04,-2.603983781161031078e-04,-2.715435090099701989e-04,3.730994472294351283e+01
1.255699388980000037e+02,5.215992755704806916e-05,-1.152725718262621012e-02,-9.807916906672247553e-05,1.275520484425341785e-04,-8.894048484415709036e-04,1.108797272356031380e-04,4.863095093463760321e+01
1.256700937749999980e+02,-1.331182693087358537e-03,-1.039485018236539771e-02,-2.008755446791035681e-03,-3.918784327416878249e-04,8.924260864152441114e-06,-3.017557046639451012e-04,3.698572264956406741e+01
1.257697267530000005e+02,-7.369963822335783010e-04,-9.905614525203264645e-03,-2.329383840881300329e-03,3.530760383093921903e-04,3.678816083909925024e-04,-6.181356483438660244e-04,3.763030000599982827e+01
1.258701014520000001e+02,1.319801365176863361e-04,-9.240923433419709690e-03,-1.553044664105332311e-03,-6.979016867131944586e-04,-3.951919010946785063e-04,3.630974522055084954e-04,3.305041015062525389e+01
1.259700853819999935e+02,-4.517771762962280446e-05,-5.434043867811891304e-03,-1.949865857221969902e-03,5.059850837661301285e-04,2.935122845182337931e-04,-9.574184805154575297e-05,1.302536325660426364e+01
1.260700936310000060e+02,1.967762327967137459e-03,-6.850746734785389223e-03,8.480259514697854190e-04,-8.572939046422886709e-04,-6.790004077473785291e-04,-2.864594659566021629e-04,2.623513104196924672e+01
1.261699521540000006e+02,4.610020516065405083e-04,-7.219140136198589491e-03,9.638386344767999395e-04,-5.953991960617989942e-04,-1.593270669689492538e-04,-9.112219768504347794e-05,1.890737247279047395e+01
1.262701022619999947e+02,-6.730853319152664549e-04,-7.508531118768112245e-03,2.447160493551761400e-03,-9.516169866740843046e-04,-4.067873745892234432e-04,7.329881987816322777e-04,3.242243806469653578e+01
1.263700995439999986e+02,-1.505274877076700352e-03,-9.229823088360497585e-03,3.468996857124406405e-03,-1.798548818392844886e-03,-3.047265257774963115e-04,1.111623110772101783e-04,5.194453012813165316e+01
1.264701201910000066e+02,3.715421965554653594e-04,-9.553447409611441621e-03,1.097559622529283886e-03,-2.902573651818865031e-04,-1.610568334344537726e-04,1.139791406700767570e-04,3.008447795995701313e+01
1.265700922009999942e+02,2.032554157698745340e-03,-9.813175619340617356e-03,-9.318050526961152262e-04,-1.590619155838215310e-03,-4.289660418771845262e-04,2.652665851095266434e-04,4.942694858880877717e+01
1.266700968739999951e+02,1.797281254897642455e-03,-9.044083668752977978e-03,-2.494597036828310240e-03,3.645158506775752046e-05,-9.998389907168509687e-05,-3.468823993767411679e-04,3.085897782790337018e+01
1.267700908179999999e+02,1.972161023974825650e-03,-8.764193516846659204e-03,-2.219072525262886023e-03,-6.254353356020471606e-04,-6.135043183487830579e-04,-1.478095490147925519e-04,3.507600588936244890e+01
1.268699629299999998e+02,7.579528192379718365e-04,-6.936718417898647682e-03,-5.914791810886135121e-04,-3.519495551010472689e-04,2.199763218826757962e-04,4.897133049017328953e-05,1.692141087908994024e+01
1.269700868129999947e+02,1.974959481045257537e-03,-7.501138307655445467e-03,-2.458334491531582316e-05,-4.400345458564034352e-04,-3.059198098440483039e-04,-2.083528210249306319e-04,2.191649048215554174e+01
1.270701107980000018e+02,4.567950018273224388e-04,-6.795269253613949768e-03,4.543572802029891347e-04,-3.145607528850012744e-04,-2.141859699085646603e-04,8.501523213624559482e-05,1.592637442675866133e+01
1.271699707509999939e+02,3.000417738493119102e-04,-7.163667601939166345e-03,1.635915311201802114e-03,1.685734708096528066e-04,3.948273575238220231e-05,-3.691727686871336075e-04,1.837119599694435834e+01
1.272700984479999988e+02,2.783847095100544511e-04,-7.933772094874003145e-03,4.376722644054533221e-04,1.219067567191968064e-04,-4.493077416649848789e-04,-2.651176410937170023e-04,2.227172688569168812e+01
1.273700816629999935e+02,-5.617843459548889362e-04,-8.820779805468794907e-03,3.074305034625609070e-03,-3.788217890940778917e-04,1.619447527008988899e-04,9.733709174398405279e-05,2.921212431082614103e+01
1.274700903890000063e+02,-1.392241824703117220e-03,-1.088463667814138121e-02,2.633781227484848202e-03,-1.243680896970186973e-03,-4.048612178480162226e-04,7.608855065565990016e-06,5.275140422940821594e+01
1.275701107980000018e+02,-1.876332429997733253e-03,-1.163473093592690133e-02,1.059346977833115332e-03,-2.692088073781069178e-05,-6.060347638245375062e-05,6.634375287204850207e-05,4.435665641666211201e+01
1.276700863840000011e+02,5.327320503753646408e-04,-1.059025423515581182e-02,-2.017094537498207926e-03,-8.728866244799280728e-04,-7.846630301803466170e-04,2.820833685795470672e-04,4.905283635931635899e+01
1.277700920099999990e+02,-2.534726000151255043e-04,-7.904903695845929071e-03,-2.055308770657451531e-03,6.279051545664554460e-04,-2.490138367213673995e-04,1.974362232371262924e-04,2.474159223179391276e+01
1.278701062199999967e+02,8.522361369387235208e-04,-6.868212766983098835e-03,-9.655082676032029562e-04,5.100837842417002142e-05,-5.753999357028794209e-04,1.317484761510446449e-04,1.946047216093871057e+01
1.279699742789999988e+02,1.035241714147309977e-03,-5.824310329118444381e-03,-8.820366984764174342e-04,9.412082686580165876e-05,-5.790913353194259827e-04,4.882716664426885796e-05,1.581160348939543780e+01
